-- MySQL dump 10.13  Distrib 9.3.0, for Win64 (x86_64)
--
-- Host: localhost    Database: aspes_db
-- ------------------------------------------------------
-- Server version	8.0.40

/*!40101 SET @OLD_CHARACTER_SET_CLIENT=@@CHARACTER_SET_CLIENT */;
/*!40101 SET @OLD_CHARACTER_SET_RESULTS=@@CHARACTER_SET_RESULTS */;
/*!40101 SET @OLD_COLLATION_CONNECTION=@@COLLATION_CONNECTION */;
/*!50503 SET NAMES utf8mb4 */;
/*!40103 SET @OLD_TIME_ZONE=@@TIME_ZONE */;
/*!40103 SET TIME_ZONE='+00:00' */;
/*!40014 SET @OLD_UNIQUE_CHECKS=@@UNIQUE_CHECKS, UNIQUE_CHECKS=0 */;
/*!40014 SET @OLD_FOREIGN_KEY_CHECKS=@@FOREIGN_KEY_CHECKS, FOREIGN_KEY_CHECKS=0 */;
/*!40101 SET @OLD_SQL_MODE=@@SQL_MODE, SQL_MODE='NO_AUTO_VALUE_ON_ZERO' */;
/*!40111 SET @OLD_SQL_NOTES=@@SQL_NOTES, SQL_NOTES=0 */;

--
-- Table structure for table `cooperation_review`
--
USE aspes;

DROP TABLE IF EXISTS `cooperation_review`;
/*!40101 SET @saved_cs_client     = @@character_set_client */;
/*!50503 SET character_set_client = utf8mb4 */;
CREATE TABLE `cooperation_review` (
  `id` bigint NOT NULL COMMENT '评价ID（雪花算法）',
  `order_id` bigint NOT NULL COMMENT '关联订单（仅完成订单可评价）',
  `review_from` enum('farmer','purchaser') NOT NULL COMMENT '评价方',
  `review_to` enum('farmer','purchaser') NOT NULL COMMENT '被评价方',
  `target_id` bigint NOT NULL COMMENT '被评价方ID（farmer_id/purchaser_id）',
  `rating` tinyint NOT NULL COMMENT '评分（1-5星）',
  `comment` text COMMENT '评价内容（如“交货及时，质量达标”）',
  `create_time` timestamp NULL DEFAULT CURRENT_TIMESTAMP,
  PRIMARY KEY (`id`),
  UNIQUE KEY `order_id` (`order_id`),
  KEY `fk_review_order` (`order_id`),
  KEY `idx_target_rating` (`target_id`,`rating`),
  CONSTRAINT `fk_review_order` FOREIGN KEY (`order_id`) REFERENCES `purchase_order` (`id`) ON DELETE RESTRICT
) ENGINE=InnoDB DEFAULT CHARSET=utf8mb4 COLLATE=utf8mb4_0900_ai_ci COMMENT='合作评价表（农户与采购方互评）';
/*!40101 SET character_set_client = @saved_cs_client */;

--
-- Dumping data for table `cooperation_review`
--

LOCK TABLES `cooperation_review` WRITE;
/*!40000 ALTER TABLE `cooperation_review` DISABLE KEYS */;
/*!40000 ALTER TABLE `cooperation_review` ENABLE KEYS */;
UNLOCK TABLES;

--
-- Table structure for table `docking_record`
--

DROP TABLE IF EXISTS `docking_record`;
/*!40101 SET @saved_cs_client     = @@character_set_client */;
/*!50503 SET character_set_client = utf8mb4 */;
CREATE TABLE `docking_record` (
  `id` bigint NOT NULL COMMENT '对接ID（雪花算法）',
  `demand_id` bigint NOT NULL COMMENT '关联采购需求',
  `farmer_id` bigint NOT NULL COMMENT '响应的农户',
  `product_id` bigint DEFAULT NULL COMMENT '农户提供的产品（可选）',
  `quote_price` decimal(10,2) NOT NULL COMMENT '报价（元/单位）',
  `can_supply` int NOT NULL COMMENT '可供应数量',
  `supply_time` date DEFAULT NULL COMMENT '可交货时间',
  `contact_way` varchar(50) DEFAULT NULL COMMENT '补充联系方式',
  `remark` text COMMENT '对接备注（如“可提供检测报告”）',
  `status` enum('pending','negotiating','agreed','rejected') DEFAULT 'pending' COMMENT '对接状态：待处理/协商中/已达成/已拒绝',
  `purchaser_remark` text COMMENT '采购方反馈',
  `create_time` timestamp NULL DEFAULT CURRENT_TIMESTAMP,
  `update_time` timestamp NULL DEFAULT CURRENT_TIMESTAMP ON UPDATE CURRENT_TIMESTAMP,
  PRIMARY KEY (`id`),
  UNIQUE KEY `uk_demand_farmer` (`demand_id`,`farmer_id`) COMMENT '同一需求农户仅能响应一次',
  KEY `fk_docking_demand` (`demand_id`),
  KEY `fk_docking_farmer` (`farmer_id`),
  KEY `idx_docking_status` (`status`),
  CONSTRAINT `fk_docking_demand` FOREIGN KEY (`demand_id`) REFERENCES `purchase_demand` (`id`) ON DELETE CASCADE,
  CONSTRAINT `fk_docking_farmer` FOREIGN KEY (`farmer_id`) REFERENCES `farmer_info` (`id`) ON DELETE CASCADE
) ENGINE=InnoDB DEFAULT CHARSET=utf8mb4 COLLATE=utf8mb4_0900_ai_ci COMMENT='农户与采购方对接记录表';
/*!40101 SET character_set_client = @saved_cs_client */;

--
-- Dumping data for table `docking_record`
--

LOCK TABLES `docking_record` WRITE;
/*!40000 ALTER TABLE `docking_record` DISABLE KEYS */;
INSERT INTO `docking_record` VALUES (1996165636320317441,1995928354069839874,6,1996164764056080386,30.00,926,'1997-01-14','13634998006','veniam','pending',NULL,'2025-12-03 10:32:29','2025-12-03 10:32:29'),(1996239255176138754,1996230534731583489,6,1996231000000000001,1.80,6000,'2025-12-05','13812345678','土鸡蛋现货充足，可提前配送','pending',NULL,'2025-12-03 15:25:01','2025-12-03 15:25:01'),(1996239297723158529,1996230505753137153,6,1996231000000000002,90.00,2000,'2025-12-20','13987654321','突尼斯软籽石榴果园直供，保证新鲜','pending',NULL,'2025-12-03 15:25:12','2025-12-03 15:25:12'),(1996239483639877634,1996230460693729281,6,1996231000000000003,40.00,800,'2025-12-02','13765432109','西兰花当日采摘，冷链配送','pending',NULL,'2025-12-03 15:25:56','2025-12-03 15:25:56'),(1996239721087815681,1996230429819457538,87,1996231000000000004,3200.00,5000,'2026-01-25','13698765432','杂交水稻国标一级，库存充足','pending',NULL,'2025-12-03 15:26:53','2025-12-03 15:26:53'),(1996239805292662785,1996230390523023362,87,1996231000000000005,65.00,1500,'2025-12-10','13512345678','冷冻鱿鱼深海捕捞，品质保证','pending',NULL,'2025-12-03 15:27:13','2025-12-03 15:27:13'),(1996239837349728257,1996230308822175745,87,1996231000000000006,90.00,500,'2025-12-07','13487654321','散养土鸡现杀现发，冷链运输','pending',NULL,'2025-12-03 15:27:20','2025-12-03 15:27:20'),(1996239874884554753,1996230273963315202,87,1996231000000000007,135.00,1200,'2025-12-18','13365432109','阳光玫瑰葡萄甜度达标，顺丰包邮','pending',NULL,'2025-12-03 15:27:29','2025-12-03 15:27:29'),(1996239904546672642,1996230243005157378,87,1996231000000000008,45.00,1000,'2025-12-04','13298765432','有机黄瓜有机认证齐全，可提供检测报告','pending',NULL,'2025-12-03 15:27:36','2025-12-03 15:27:36'),(1996239944837156866,1996230206099476481,87,1996231000000000009,2900.00,3000,'2026-01-10','13112345678','冬小麦一等品，符合国家粮食标准','pending',NULL,'2025-12-03 15:27:46','2025-12-03 15:27:46'),(1996239968300093441,1996230167843229697,87,1996231000000000010,90.00,800,'2025-12-08','13087654321','鲜活对虾基地直供，成活率99%','pending',NULL,'2025-12-03 15:27:51','2025-12-03 15:27:51');
/*!40000 ALTER TABLE `docking_record` ENABLE KEYS */;
UNLOCK TABLES;

--
-- Table structure for table `farmer_info`
--

DROP TABLE IF EXISTS `farmer_info`;
/*!40101 SET @saved_cs_client     = @@character_set_client */;
/*!50503 SET character_set_client = utf8mb4 */;
CREATE TABLE `farmer_info` (
  `id` bigint NOT NULL COMMENT '农户信息ID（雪花算法）',
  `user_id` bigint NOT NULL COMMENT '关联用户表（role=farmer）',
  `farm_name` varchar(100) NOT NULL COMMENT '农场/合作社名称',
  `origin_area_id` int NOT NULL COMMENT '主要产地（关联origin_area）',
  `production_scale` varchar(200) DEFAULT NULL COMMENT '生产规模（如“500亩耕地”“年出栏1000头”）',
  `certifications` json DEFAULT NULL COMMENT '认证资质（如{"有机认证":"url","绿色食品":"url"}）',
  `bank_account` varchar(50) DEFAULT NULL COMMENT '收款银行账号',
  `bank_name` varchar(100) DEFAULT NULL COMMENT '开户银行',
  `id_number` varchar(50) NOT NULL COMMENT '身份证号',
  `id_card_front_url` varchar(500) NOT NULL COMMENT '身份证正面照URL',
  `id_card_back_url` varchar(500) NOT NULL COMMENT '身份证反面照URL',
  `apply_reason` text COMMENT '认证申请说明',
  `audit_status` enum('pending','approved','rejected') DEFAULT 'pending' COMMENT '资质审核状态',
  `audit_remark` varchar(500) DEFAULT NULL COMMENT '审核备注',
  `approved_time` datetime DEFAULT NULL COMMENT '审核通过时间',
  `create_time` timestamp NULL DEFAULT CURRENT_TIMESTAMP,
  `update_time` timestamp NULL DEFAULT CURRENT_TIMESTAMP ON UPDATE CURRENT_TIMESTAMP,
  PRIMARY KEY (`id`),
  UNIQUE KEY `user_id` (`user_id`),
  KEY `fk_farmer_origin` (`origin_area_id`),
  KEY `idx_farmer_audit` (`audit_status`),
  CONSTRAINT `fk_farmer_origin` FOREIGN KEY (`origin_area_id`) REFERENCES `origin_area` (`area_id`) ON DELETE RESTRICT,
  CONSTRAINT `fk_farmer_user` FOREIGN KEY (`user_id`) REFERENCES `user` (`id`) ON DELETE CASCADE
) ENGINE=InnoDB DEFAULT CHARSET=utf8mb4 COLLATE=utf8mb4_0900_ai_ci COMMENT='农户/合作社信息表';
/*!40101 SET character_set_client = @saved_cs_client */;

--
-- Dumping data for table `farmer_info`
--

LOCK TABLES `farmer_info` WRITE;
/*!40000 ALTER TABLE `farmer_info` DISABLE KEYS */;
INSERT INTO `farmer_info` VALUES (1,1714238902001,'绿源生态农场',370283,'500亩耕地，年种植小麦300亩、玉米200亩','{\"有机认证\": \"https://cert.example.com/organic/370283001.pdf\", \"绿色食品\": \"https://cert.example.com/green/370283001.pdf\"}','6222081234567890123','中国农业银行平度市支行','370283198001011234','https://idcard.example.com/front/370283198001011234.jpg','https://idcard.example.com/back/370283198001011234.jpg','本人拥有500亩合法耕地，已取得有机认证，申请成为平台认证农户','pending',NULL,NULL,'2025-12-02 18:32:14','2025-12-02 18:32:14'),(2,1714238902002,'芳姐果蔬园',320321,'350亩果园，年产出苹果200吨、梨150吨','{\"绿色食品\": \"https://cert.example.com/green/320321002.pdf\"}','6228481234567890123','中国农业银行丰县支行','320321198202022345','https://idcard.example.com/front/320321198202022345.jpg','https://idcard.example.com/back/320321198202022345.jpg','自有果园350亩，种植苹果梨多年，申请平台认证销售','pending',NULL,NULL,'2025-12-02 18:32:14','2025-12-02 18:32:14'),(3,1714238902003,'伟民种植基地',411328,'720亩耕地，年种植小麦500亩、花生220亩','{\"无公害认证\": \"https://cert.example.com/pollution-free/411328003.pdf\"}','6227001234567890123','中国建设银行唐河县支行','411328197903033456','https://idcard.example.com/front/411328197903033456.jpg','https://idcard.example.com/back/411328197903033456.jpg','承包耕地720亩，主要种植粮油作物，申请认证拓展销售渠道','pending',NULL,NULL,'2025-12-02 18:32:14','2025-12-02 18:32:14'),(4,1714238902004,'敏敏有机农庄',330185,'280亩有机种植基地，年产蔬菜150吨、茶叶5吨','{\"GAP认证\": \"https://cert.example.com/gap/330185004.pdf\", \"有机认证\": \"https://cert.example.com/organic/330185004.pdf\"}','6226091234567890123','招商银行临安支行','330185198504044567','https://idcard.example.com/front/330185198504044567.jpg','https://idcard.example.com/back/330185198504044567.jpg','有机农庄运营5年，持有多项认证，申请平台认证提升品牌','approved','资料齐全，认证属实','2025-11-20 10:30:00','2025-12-02 18:32:14','2025-12-02 18:32:14'),(5,1714238902005,'杰哥粮食种植园',230184,'1200亩水田，年产五常大米800吨、大豆300吨','{\"地理标志产品认证\": \"https://cert.example.com/geographical/230184005.pdf\"}','6217001234567890123','中国建设银行五常市支行','230184197805055678','https://idcard.example.com/front/230184197805055678.jpg','https://idcard.example.com/back/230184197805055678.jpg','五常大米核心产区种植户，自有基地1200亩，申请认证销售','approved','地理标志认证属实','2025-11-15 09:15:00','2025-12-02 18:32:14','2025-12-02 18:32:14'),(6,1714238902006,'颖宝果园',441421,'420亩柚园，年产梅州金柚300吨、脐橙200吨','{\"绿色食品\": \"https://cert.example.com/green/441421006.pdf\"}','6225881234567890123','招商银行梅县支行','441421198306066789','https://idcard.example.com/front/441421198306066789.jpg','https://idcard.example.com/back/441421198306066789.jpg','梅州金柚专业种植户，果园420亩，申请平台认证','pending',NULL,NULL,'2025-12-02 18:32:14','2025-12-02 18:32:14'),(7,1714238902007,'强哥养殖农场',510623,'650亩养殖基地，年出栏生猪5000头、土鸡3万只','{\"无公害养殖认证\": \"https://cert.example.com/pollution-free/510623007.pdf\"}','6210981234567890123','中国邮政储蓄银行中江县支行','510623198107077890','https://idcard.example.com/front/510623198107077890.jpg','https://idcard.example.com/back/510623198107077890.jpg','规模化养殖农场，证件齐全，申请平台认证销售畜禽产品','pending',NULL,NULL,'2025-12-02 18:32:14','2025-12-02 18:32:14'),(8,1714238902008,'周芳稻田养鱼基地',430621,'480亩稻田，年产水稻200吨、小龙虾50吨','{\"有机认证\": \"https://cert.example.com/organic/430621008.pdf\"}','6228451234567890123','中国农业银行岳阳县支行','430621198408088901','https://idcard.example.com/front/430621198408088901.jpg','https://idcard.example.com/back/430621198408088901.jpg','稻田养鱼生态模式，有机认证，申请平台认证','approved','生态养殖模式符合要求','2025-11-25 14:20:00','2025-12-02 18:32:14','2025-12-02 18:32:14'),(9,1714238902009,'吴杰中药材种植园',341602,'330亩药材基地，年产白芍80吨、牡丹50吨','{\"GAP认证\": \"https://cert.example.com/gap/341602009.pdf\"}','6222601234567890123','交通银行亳州支行','341602197709099012','https://idcard.example.com/front/341602197709099012.jpg','https://idcard.example.com/back/341602197709099012.jpg','亳州中药材核心产区种植户，申请平台认证销售','pending',NULL,NULL,'2025-12-02 18:32:14','2025-12-02 18:32:14'),(10,1714238902010,'敏姐蔬菜大棚',370783,'220亩蔬菜大棚，年产黄瓜100吨、西红柿150吨','{\"绿色食品\": \"https://cert.example.com/green/370783010.pdf\"}','6223191234567890123','青岛银行寿光支行','370783198610100123','https://idcard.example.com/front/370783198610100123.jpg','https://idcard.example.com/back/370783198610100123.jpg','寿光蔬菜大棚种植户，绿色认证，申请平台认证','approved','寿光蔬菜产区认证通过','2025-11-18 11:10:00','2025-12-02 18:32:14','2025-12-02 18:32:14'),(11,1714238902011,'丽姐草莓园',110114,'180亩草莓基地，年产红颜草莓50吨、奶油草莓40吨','{\"绿色食品\": \"https://cert.example.com/green/110114011.pdf\"}','6229081234567890123','北京银行昌平支行','110114198711111234','https://idcard.example.com/front/110114198711111234.jpg','https://idcard.example.com/back/110114198711111234.jpg','昌平草莓种植基地，绿色认证，申请平台认证','approved','昌平草莓产区认证通过','2025-11-22 15:30:00','2025-12-02 18:32:14','2025-12-02 18:32:14'),(12,1714238902012,'朱强粮油种植基地',130528,'890亩耕地，年产小麦500吨、玉米400吨','{\"无公害认证\": \"https://cert.example.com/pollution-free/130528012.pdf\"}','6227001234567890123','中国建设银行宁晋县支行','130528197612122345','https://idcard.example.com/front/130528197612122345.jpg','https://idcard.example.com/back/130528197612122345.jpg','粮油种植专业户，申请平台认证拓展销售','pending',NULL,NULL,'2025-12-02 18:32:14','2025-12-02 18:32:14'),(13,1714238902013,'胡芳果园',610425,'560亩苹果园，年产红富士苹果300吨、酥梨200吨','{\"绿色食品\": \"https://cert.example.com/green/610425013.pdf\"}','6228481234567890123','中国农业银行礼泉县支行','610425198001133456','https://idcard.example.com/front/610425198001133456.jpg','https://idcard.example.com/back/610425198001133456.jpg','礼泉苹果种植户，绿色认证，申请平台认证','approved','资料齐全，认证属实','2025-11-19 08:45:00','2025-12-02 18:32:14','2025-12-02 18:32:14'),(14,1714238902014,'林杰茶树种植园',350524,'410亩茶园，年产铁观音10吨、肉桂茶5吨','{\"有机认证\": \"https://cert.example.com/organic/350524014.pdf\", \"地理标志认证\": \"https://cert.example.com/geographical/350524014.pdf\"}','6229091234567890123','兴业银行安溪支行','350524198302144567','https://idcard.example.com/front/350524198302144567.jpg','https://idcard.example.com/back/350524198302144567.jpg','安溪铁观音核心产区，有机认证，申请平台认证','approved','地理标志认证属实','2025-11-23 13:10:00','2025-12-02 18:32:14','2025-12-02 18:32:14'),(15,1714238902015,'郭敏食用菌基地',222424,'250亩菌棚，年产黑木耳20吨、香菇30吨','{\"无公害认证\": \"https://cert.example.com/pollution-free/222424015.pdf\"}','6222081234567890123','中国工商银行汪清县支行','222424197903155678','https://idcard.example.com/front/222424197903155678.jpg','https://idcard.example.com/back/222424197903155678.jpg','延边黑木耳种植基地，申请平台认证销售','pending',NULL,NULL,'2025-12-02 18:32:14','2025-12-02 18:32:14'),(16,1714238902016,'何颖柑橘园',360734,'780亩脐橙园，年产脐橙500吨、蜜桔300吨','{\"绿色食品\": \"https://cert.example.com/green/360734016.pdf\", \"地理标志认证\": \"https://cert.example.com/geographical/360734016.pdf\"}','6226001234567890123','招商银行寻乌支行','360734198504166789','https://idcard.example.com/front/360734198504166789.jpg','https://idcard.example.com/back/360734198504166789.jpg','赣南脐橙核心产区，地理标志认证，申请平台认证','approved','赣南脐橙认证属实','2025-11-21 10:00:00','2025-12-02 18:32:14','2025-12-02 18:32:14'),(17,1714238902017,'高强葡萄种植园',650402,'630亩葡萄园，年产无核白葡萄200吨、红提150吨','{\"绿色食品\": \"https://cert.example.com/green/650402017.pdf\", \"地理标志认证\": \"https://cert.example.com/geographical/650402017.pdf\"}','6228461234567890123','中国农业银行吐鲁番支行','650402198205177890','https://idcard.example.com/front/650402198205177890.jpg','https://idcard.example.com/back/650402198205177890.jpg','吐鲁番葡萄产区，地理标志认证，申请平台认证','approved','吐鲁番葡萄认证属实','2025-11-24 16:25:00','2025-12-02 18:32:14','2025-12-02 18:32:14'),(18,1714238902018,'罗芳蔬菜基地',450122,'370亩蔬菜基地，年产沃柑150吨、南瓜100吨','{\"无公害认证\": \"https://cert.example.com/pollution-free/450122018.pdf\"}','6229081234567890123','广西北部湾银行武鸣支行','450122198406188901','https://idcard.example.com/front/450122198406188901.jpg','https://idcard.example.com/back/450122198406188901.jpg','武鸣沃柑种植基地，申请平台认证销售','pending',NULL,NULL,'2025-12-02 18:32:14','2025-12-02 18:32:14'),(19,1714238902019,'梁杰养殖合作社',150430,'1100亩养殖基地，年出栏肉牛1000头、肉羊5000只','{\"无公害养殖认证\": \"https://cert.example.com/pollution-free/150430019.pdf\"}','6227001234567890123','中国建设银行敖汉旗支行','150430197807199012','https://idcard.example.com/front/150430197807199012.jpg','https://idcard.example.com/back/150430197807199012.jpg','草原养殖合作社，申请平台认证销售牛羊肉','pending',NULL,NULL,'2025-12-02 18:32:14','2025-12-02 18:32:14'),(20,1714238902020,'宋敏花卉种植园',530423,'290亩花卉基地，年产玫瑰100万枝、康乃馨80万枝','{\"绿色食品\": \"https://cert.example.com/green/530423020.pdf\"}','6228471234567890123','中国农业银行通海支行','530423198608200123','https://idcard.example.com/front/530423198608200123.jpg','https://idcard.example.com/back/530423198608200123.jpg','云南花卉种植基地，申请平台认证销售','pending',NULL,NULL,'2025-12-02 18:32:14','2025-12-02 18:32:14'),(21,1714238902021,'谢颖猕猴桃园',610326,'440亩猕猴桃园，年产徐香猕猴桃150吨、翠香猕猴桃100吨','{\"绿色食品\": \"https://cert.example.com/green/610326021.pdf\", \"地理标志认证\": \"https://cert.example.com/geographical/610326021.pdf\"}','6226221234567890123','浦发银行眉县支行','610326198309211234','https://idcard.example.com/front/610326198309211234.jpg','https://idcard.example.com/back/610326198309211234.jpg','眉县猕猴桃核心产区，地理标志认证，申请平台认证','approved','眉县猕猴桃认证属实','2025-11-17 14:40:00','2025-12-02 18:32:14','2025-12-02 18:32:14'),(22,1714238902022,'韩强棉花种植基地',652922,'1500亩棉田，年产长绒棉200吨、细绒棉150吨','{\"地理标志认证\": \"https://cert.example.com/geographical/652922022.pdf\"}','6228451234567890123','中国农业银行温宿支行','652922197910222345','https://idcard.example.com/front/652922197910222345.jpg','https://idcard.example.com/back/652922197910222345.jpg','阿克苏长绒棉产区，地理标志认证，申请平台认证','approved','阿克苏棉花认证属实','2025-11-26 09:20:00','2025-12-02 18:32:14','2025-12-02 18:32:14'),(23,1714238902023,'唐芳板栗园',130227,'360亩板栗园，年产迁西板栗80吨、核桃50吨','{\"地理标志认证\": \"https://cert.example.com/geographical/130227023.pdf\"}','6227001234567890123','中国建设银行迁西县支行','130227198111233456','https://idcard.example.com/front/130227198111233456.jpg','https://idcard.example.com/back/130227198111233456.jpg','迁西板栗核心产区，地理标志认证，申请平台认证','approved','迁西板栗认证属实','2025-11-16 11:30:00','2025-12-02 18:32:14','2025-12-02 18:32:14'),(24,1714238902024,'徐杰茶叶基地',330624,'270亩茶园，年产大佛龙井8吨、九曲红梅5吨','{\"有机认证\": \"https://cert.example.com/organic/330624024.pdf\", \"地理标志认证\": \"https://cert.example.com/geographical/330624024.pdf\"}','6229081234567890123','浙商银行新昌支行','330624198512244567','https://idcard.example.com/front/330624198512244567.jpg','https://idcard.example.com/back/330624198512244567.jpg','新昌大佛龙井产区，地理标志认证，申请平台认证','approved','新昌龙井认证属实','2025-11-27 15:15:00','2025-12-02 18:32:14','2025-12-02 18:32:14'),(25,1714238902025,'孙敏大棚蔬菜园',371522,'310亩蔬菜大棚，年产茄子80吨、辣椒100吨','{\"无公害认证\": \"https://cert.example.com/pollution-free/371522025.pdf\"}','6223191234567890123','齐鲁银行莘县支行','371522198701255678','https://idcard.example.com/front/371522198701255678.jpg','https://idcard.example.com/back/371522198701255678.jpg','莘县蔬菜大棚种植户，申请平台认证销售','pending',NULL,NULL,'2025-12-02 18:32:14','2025-12-02 18:32:14'),(26,1714238902026,'袁颖水蜜桃基地',320283,'230亩桃园，年产阳山水蜜桃50吨、黄桃30吨','{\"地理标志认证\": \"https://cert.example.com/geographical/320283026.pdf\"}','6228461234567890123','中国农业银行阳山支行','320283198402266789','https://idcard.example.com/front/320283198402266789.jpg','https://idcard.example.com/back/320283198402266789.jpg','阳山水蜜桃核心产区，地理标志认证，申请平台认证','approved','阳山水蜜桃认证属实','2025-11-14 10:10:00','2025-12-02 18:32:14','2025-12-02 18:32:14'),(27,1714238902027,'蔡强甘蔗种植园',451421,'820亩蔗田，年产黑皮甘蔗300吨、果蔗200吨','{\"绿色食品\": \"https://cert.example.com/green/451421027.pdf\"}','6229091234567890123','广西农村信用社扶绥支行','451421198203277890','https://idcard.example.com/front/451421198203277890.jpg','https://idcard.example.com/back/451421198203277890.jpg','崇左甘蔗产区，申请平台认证销售','pending',NULL,NULL,'2025-12-02 18:32:14','2025-12-02 18:32:14'),(28,1714238902028,'彭芳蓝莓园',522635,'190亩蓝莓基地，年产高丛蓝莓20吨、兔眼蓝莓15吨','{\"有机认证\": \"https://cert.example.com/organic/522635028.pdf\"}','6222081234567890123','中国工商银行麻江支行','522635198004288901','https://idcard.example.com/front/522635198004288901.jpg','https://idcard.example.com/back/522635198004288901.jpg','麻江蓝莓产区，有机认证，申请平台认证','approved','麻江蓝莓认证属实','2025-11-28 13:45:00','2025-12-02 18:32:14','2025-12-02 18:32:14'),(29,1714238902029,'曾杰核桃种植基地',141182,'590亩核桃园，年产汾州核桃80吨、红枣50吨','{\"地理标志认证\": \"https://cert.example.com/geographical/141182029.pdf\"}','6227001234567890123','中国建设银行汾阳支行','141182197805299012','https://idcard.example.com/front/141182197805299012.jpg','https://idcard.example.com/back/141182197805299012.jpg','汾州核桃核心产区，地理标志认证，申请平台认证','approved','汾州核桃认证属实','2025-11-13 09:50:00','2025-12-02 18:32:14','2025-12-02 18:32:14'),(30,1714238902030,'田敏花卉基地',530121,'340亩花卉基地，年产康乃馨100万枝、玫瑰80万枝','{\"绿色食品\": \"https://cert.example.com/green/530121030.pdf\"}','6228481234567890123','中国农业银行呈贡支行','530121198606300123','https://idcard.example.com/front/530121198606300123.jpg','https://idcard.example.com/back/530121198606300123.jpg','斗南花卉产区，申请平台认证销售','pending',NULL,NULL,'2025-12-02 18:32:14','2025-12-02 18:32:14'),(31,1714238902031,'董颖樱桃园',370611,'260亩樱桃园，年产大樱桃50吨、车厘子30吨','{\"绿色食品\": \"https://cert.example.com/green/370611031.pdf\", \"地理标志认证\": \"https://cert.example.com/geographical/370611031.pdf\"}','6223191234567890123','青岛银行福山支行','370611198307311234','https://idcard.example.com/front/370611198307311234.jpg','https://idcard.example.com/back/370611198307311234.jpg','福山樱桃核心产区，地理标志认证，申请平台认证','approved','福山樱桃认证属实','2025-11-12 11:20:00','2025-12-02 18:32:14','2025-12-02 18:32:14'),(32,1714238902032,'潘强水稻种植基地',211102,'980亩水田，年产盘锦大米600吨、水稻500吨','{\"地理标志认证\": \"https://cert.example.com/geographical/211102032.pdf\"}','6227001234567890123','中国建设银行盘锦支行','211102197908012345','https://idcard.example.com/front/211102197908012345.jpg','https://idcard.example.com/back/2111021979080123456.jpg','盘锦大米核心产区，地理标志认证，申请平台认证','approved','盘锦大米认证属实','2025-11-30 15:00:00','2025-12-02 18:32:14','2025-12-02 18:32:14'),(33,1714238902033,'于芳柿子园',610528,'380亩柿园，年产富平柿饼50吨、柿子100吨','{\"地理标志认证\": \"https://cert.example.com/geographical/610528033.pdf\"}','6228461234567890123','中国农业银行富平支行','610528198109023456','https://idcard.example.com/front/610528198109023456.jpg','https://idcard.example.com/back/610528198109023456.jpg','富平柿饼核心产区，地理标志认证，申请平台认证','approved','富平柿饼认证属实','2025-11-09 10:40:00','2025-12-02 18:32:14','2025-12-02 18:32:14'),(34,1714238902034,'叶杰中药材基地',621227,'470亩药材基地，年产当归50吨、黄芪30吨','{\"GAP认证\": \"https://cert.example.com/gap/621227034.pdf\", \"地理标志认证\": \"https://cert.example.com/geographical/621227034.pdf\"}','6222081234567890123','中国工商银行陇西支行','621227198510034567','https://idcard.example.com/front/621227198510034567.jpg','https://idcard.example.com/back/621227198510034567.jpg','陇西黄芪核心产区，地理标志认证，申请平台认证','approved','陇西黄芪认证属实','2025-11-08 14:20:00','2025-12-02 18:32:14','2025-12-02 18:32:14'),(35,1714238902035,'蒋敏养殖农场',430421,'720亩养殖基地，年出栏土鸡2万只、土鸭1万只','{\"无公害养殖认证\": \"https://cert.example.com/pollution-free/430421035.pdf\"}','6228471234567890123','中国农业银行衡阳县支行','430421198711045678','https://idcard.example.com/front/430421198711045678.jpg','https://idcard.example.com/back/430421198711045678.jpg','衡阳土鸡养殖基地，申请平台认证销售','pending',NULL,NULL,'2025-12-02 18:32:14','2025-12-02 18:32:14'),(36,1714238902036,'蔡颖草莓基地',330281,'210亩草莓基地，年产奶油草莓40吨、巧克力草莓30吨','{\"绿色食品\": \"https://cert.example.com/green/330281036.pdf\"}','6229081234567890123','宁波银行余姚支行','330281198412056789','https://idcard.example.com/front/330281198412056789.jpg','https://idcard.example.com/back/330281198412056789.jpg','余姚草莓产区，申请平台认证销售','pending',NULL,NULL,'2025-12-02 18:32:14','2025-12-02 18:32:14'),(37,1714238902037,'魏强苹果园',620826,'650亩苹果园，年产静宁苹果300吨、红富士200吨','{\"绿色食品\": \"https://cert.example.com/green/620826037.pdf\", \"地理标志认证\": \"https://cert.example.com/geographical/620826037.pdf\"}','6227001234567890123','中国建设银行静宁支行','620826198201067890','https://idcard.example.com/front/620826198201067890.jpg','https://idcard.example.com/back/620826198201067890.jpg','静宁苹果核心产区，地理标志认证，申请平台认证','approved','静宁苹果认证属实','2025-11-07 09:30:00','2025-12-02 18:32:14','2025-12-02 18:32:14'),(38,1714238902038,'薛芳蔬菜种植园',321322,'430亩蔬菜基地，年产沭阳花木50万株、蔬菜100吨','{\"无公害认证\": \"https://cert.example.com/pollution-free/321322038.pdf\"}','6228481234567890123','中国农业银行沭阳支行','321322198002078901','https://idcard.example.com/front/321322198002078901.jpg','https://idcard.example.com/back/321322198002078901.jpg','沭阳花木产区，申请平台认证销售','pending',NULL,NULL,'2025-12-02 18:32:14','2025-12-02 18:32:14'),(39,1714238902039,'金杰板栗种植基地',110116,'290亩板栗园，年产怀柔板栗50吨、核桃30吨','{\"地理标志认证\": \"https://cert.example.com/geographical/110116039.pdf\"}','6229091234567890123','北京银行怀柔支行','110116197803089012','https://idcard.example.com/front/110116197803089012.jpg','https://idcard.example.com/back/110116197803089012.jpg','怀柔板栗核心产区，地理标志认证，申请平台认证','approved','怀柔板栗认证属实','2025-11-06 13:10:00','2025-12-02 18:32:14','2025-12-02 18:32:14'),(40,1714238902040,'陆敏茶园',350782,'360亩茶园，年产武夷岩茶10吨、大红袍5吨','{\"有机认证\": \"https://cert.example.com/organic/350782040.pdf\", \"地理标志认证\": \"https://cert.example.com/geographical/350782040.pdf\"}','6222081234567890123','中国工商银行武夷山支行','350782198604090123','https://idcard.example.com/front/350782198604090123.jpg','https://idcard.example.com/back/350782198604090123.jpg','武夷岩茶核心产区，地理标志认证，申请平台认证','approved','武夷岩茶认证属实','2025-11-05 16:40:00','2025-12-02 18:32:14','2025-12-02 18:32:14'),(41,1714238902041,'郑颖枸杞种植基地',640324,'520亩枸杞园，年产中宁枸杞80吨、黄芪50吨','{\"地理标志认证\": \"https://cert.example.com/geographical/640324041.pdf\"}','6228461234567890123','中国农业银行中宁支行','640324198207011234','https://idcard.example.com/front/640324198207011234.jpg','https://idcard.example.com/back/640324198207011234.jpg','中宁枸杞核心产区，地理标志认证，申请平台认证','approved','中宁枸杞认证属实','2025-11-04 10:20:00','2025-12-02 18:41:40','2025-12-02 18:41:40'),(42,1714238902042,'马强茶园',330727,'390亩茶园，年产安吉白茶10吨、龙井5吨','{\"有机认证\": \"https://cert.example.com/organic/330727042.pdf\", \"地理标志认证\": \"https://cert.example.com/geographical/330727042.pdf\"}','6229081234567890123','浙商银行安吉支行','330727197908022345','https://idcard.example.com/front/330727197908022345.jpg','https://idcard.example.com/back/330727197908022345.jpg','安吉白茶核心产区，地理标志认证，申请平台认证','approved','安吉白茶认证属实','2025-11-03 14:30:00','2025-12-02 18:41:40','2025-12-02 18:41:40'),(43,1714238902043,'赵芳红枣园',653126,'680亩枣园，年产和田大枣120吨、骏枣80吨','{\"地理标志认证\": \"https://cert.example.com/geographical/653126043.pdf\"}','6228451234567890123','中国农业银行和田支行','653126198109033456','https://idcard.example.com/front/653126198109033456.jpg','https://idcard.example.com/back/653126198109033456.jpg','和田大枣核心产区，地理标志认证，申请平台认证','approved','和田大枣认证属实','2025-11-02 09:10:00','2025-12-02 18:41:40','2025-12-02 18:41:40'),(44,1714238902044,'钱杰板栗基地',340828,'410亩板栗园，年产舒城板栗60吨、毛栗40吨','{\"无公害认证\": \"https://cert.example.com/pollution-free/340828044.pdf\"}','6222081234567890123','中国工商银行舒城支行','340828198510044567','https://idcard.example.com/front/340828198510044567.jpg','https://idcard.example.com/back/340828198510044567.jpg','舒城板栗种植基地，申请平台认证销售','pending',NULL,NULL,'2025-12-02 18:41:40','2025-12-02 18:41:40'),(45,1714238902045,'孙敏养殖合作社',321283,'850亩养殖基地，年出栏高邮麻鸭5万只、鸭蛋200吨','{\"地理标志认证\": \"https://cert.example.com/geographical/321283045.pdf\", \"无公害养殖认证\": \"https://cert.example.com/pollution-free/321283045.pdf\"}','6228481234567890123','中国农业银行高邮支行','321283198711055678','https://idcard.example.com/front/321283198711055678.jpg','https://idcard.example.com/back/321283198711055678.jpg','高邮麻鸭核心产区，地理标志认证，申请平台认证','approved','高邮麻鸭认证属实','2025-11-01 15:40:00','2025-12-02 18:41:40','2025-12-02 18:41:40'),(46,1714238902046,'周颖葡萄基地',620102,'470亩葡萄园，年产兰州玫瑰葡萄150吨、巨峰100吨','{\"绿色食品\": \"https://cert.example.com/green/620102046.pdf\"}','6227001234567890123','中国建设银行兰州支行','620102198412066789','https://idcard.example.com/front/620102198412066789.jpg','https://idcard.example.com/back/620102198412066789.jpg','兰州葡萄产区，申请平台认证销售','pending',NULL,NULL,'2025-12-02 18:41:40','2025-12-02 18:41:40'),(47,1714238902047,'吴强蔬菜大棚',370682,'280亩蔬菜大棚，年产莱阳茌梨80吨、蔬菜100吨','{\"地理标志认证\": \"https://cert.example.com/geographical/370682047.pdf\"}','6223191234567890123','青岛银行莱阳支行','370682198201077890','https://idcard.example.com/front/370682198201077890.jpg','https://idcard.example.com/back/370682198201077890.jpg','莱阳茌梨核心产区，地理标志认证，申请平台认证','approved','莱阳茌梨认证属实','2025-10-30 11:20:00','2025-12-02 18:41:40','2025-12-02 18:41:40'),(48,1714238902048,'郑芳中药材基地',510922,'530亩药材基地，年产川芎30吨、麦冬20吨','{\"GAP认证\": \"https://cert.example.com/gap/510922048.pdf\"}','6228471234567890123','中国农业银行射洪支行','510922198002088901','https://idcard.example.com/front/510922198002088901.jpg','https://idcard.example.com/back/510922198002088901.jpg','川药种植基地，申请平台认证销售','pending',NULL,NULL,'2025-12-02 18:41:40','2025-12-02 18:41:40'),(49,1714238902049,'王杰果园',440981,'360亩果园，年产高州荔枝100吨、龙眼80吨','{\"绿色食品\": \"https://cert.example.com/green/440981049.pdf\", \"地理标志认证\": \"https://cert.example.com/geographical/440981049.pdf\"}','6225881234567890123','招商银行高州支行','440981197803099012','https://idcard.example.com/front/440981197803099012.jpg','https://idcard.example.com/back/440981197803099012.jpg','高州荔枝核心产区，地理标志认证，申请平台认证','approved','高州荔枝认证属实','2025-10-29 14:50:00','2025-12-02 18:41:40','2025-12-02 18:41:40'),(50,1714238902050,'冯敏养殖农场',230227,'790亩养殖基地，年出栏东北黑猪3000头、笨鸡2万只','{\"无公害养殖认证\": \"https://cert.example.com/pollution-free/230227050.pdf\"}','6227001234567890123','中国建设银行富裕支行','230227198604100123','https://idcard.example.com/front/230227198604100123.jpg','https://idcard.example.com/back/230227198604100123.jpg','东北黑猪养殖基地，申请平台认证销售','pending',NULL,NULL,'2025-12-02 18:41:40','2025-12-02 18:41:40'),(51,1714238902051,'陈颖水稻基地',350122,'920亩水田，年产长乐漳港海蚌50吨、水稻600吨','{\"地理标志认证\": \"https://cert.example.com/geographical/350122051.pdf\"}','6229081234567890123','兴业银行长乐支行','350122198305111234','https://idcard.example.com/front/350122198305111234.jpg','https://idcard.example.com/back/350122198305111234.jpg','长乐漳港海蚌核心产区，地理标志认证，申请平台认证','approved','漳港海蚌认证属实','2025-10-28 09:30:00','2025-12-02 18:41:40','2025-12-02 18:41:40'),(52,1714238902052,'褚强花卉基地',310117,'420亩花卉基地，年产崇明水仙500万球、百合300万枝','{\"地理标志认证\": \"https://cert.example.com/geographical/310117052.pdf\"}','6222081234567890123','中国工商银行崇明支行','310117197906122345','https://idcard.example.com/front/310117197906122345.jpg','https://idcard.example.com/back/310117197906122345.jpg','崇明水仙核心产区，地理标志认证，申请平台认证','approved','崇明水仙认证属实','2025-10-27 13:10:00','2025-12-02 18:41:40','2025-12-02 18:41:40'),(53,1714238902053,'卫芳茶园',520382,'340亩茶园，年产湄潭翠芽8吨、遵义红5吨','{\"有机认证\": \"https://cert.example.com/organic/520382053.pdf\", \"地理标志认证\": \"https://cert.example.com/geographical/520382053.pdf\"}','6228481234567890123','中国农业银行湄潭支行','520382198107133456','https://idcard.example.com/front/520382198107133456.jpg','https://idcard.example.com/back/520382198107133456.jpg','湄潭翠芽核心产区，地理标志认证，申请平台认证','approved','湄潭翠芽认证属实','2025-10-26 16:40:00','2025-12-02 18:41:40','2025-12-02 18:41:40'),(54,1714238902054,'蒋杰果园',610124,'580亩果园，年产临潼石榴120吨、柿子80吨','{\"地理标志认证\": \"https://cert.example.com/geographical/610124054.pdf\"}','6227001234567890123','中国建设银行临潼支行','610124198508144567','https://idcard.example.com/front/610124198508144567.jpg','https://idcard.example.com/back/610124198508144567.jpg','临潼石榴核心产区，地理标志认证，申请平台认证','approved','临潼石榴认证属实','2025-10-25 10:20:00','2025-12-02 18:41:40','2025-12-02 18:41:40'),(55,1714238902055,'沈敏蔬菜基地',370883,'310亩蔬菜基地，年产邹城蘑菇80吨、土豆100吨','{\"无公害认证\": \"https://cert.example.com/pollution-free/370883055.pdf\"}','6223191234567890123','齐鲁银行邹城支行','370883198709155678','https://idcard.example.com/front/370883198709155678.jpg','https://idcard.example.com/back/370883198709155678.jpg','邹城蘑菇种植基地，申请平台认证销售','pending',NULL,NULL,'2025-12-02 18:41:40','2025-12-02 18:41:40'),(56,1714238902056,'韩颖养殖合作社',410482,'670亩养殖基地，年出栏汝州红牛2000头、山羊1万只','{\"地理标志认证\": \"https://cert.example.com/geographical/410482056.pdf\", \"无公害养殖认证\": \"https://cert.example.com/pollution-free/410482056.pdf\"}','6222081234567890123','中国工商银行汝州支行','410482198410166789','https://idcard.example.com/front/410482198410166789.jpg','https://idcard.example.com/back/410482198410166789.jpg','汝州红牛核心产区，地理标志认证，申请平台认证','approved','汝州红牛认证属实','2025-10-24 14:30:00','2025-12-02 18:41:40','2025-12-02 18:41:40'),(57,1714238902057,'杨强果园',450326,'490亩果园，年产灵川提子100吨、柑橘80吨','{\"绿色食品\": \"https://cert.example.com/green/450326057.pdf\"}','6229081234567890123','广西北部湾银行灵川支行','450326198211177890','https://idcard.example.com/front/450326198211177890.jpg','https://idcard.example.com/back/450326198211177890.jpg','灵川提子产区，申请平台认证销售','pending',NULL,NULL,'2025-12-02 18:41:40','2025-12-02 18:41:40'),(58,1714238902058,'朱芳水稻基地',330824,'830亩水田，年产遂昌菊米5吨、水稻500吨','{\"地理标志认证\": \"https://cert.example.com/geographical/330824058.pdf\"}','6228471234567890123','中国农业银行遂昌支行','330824198012188901','https://idcard.example.com/front/330824198012188901.jpg','https://idcard.example.com/back/330824198012188901.jpg','遂昌菊米核心产区，地理标志认证，申请平台认证','approved','遂昌菊米认证属实','2025-10-23 09:10:00','2025-12-02 18:41:40','2025-12-02 18:41:40'),(59,1714238902059,'秦杰茶园',350525,'370亩茶园，年产永春佛手茶8吨、铁观音5吨','{\"绿色食品\": \"https://cert.example.com/green/350525059.pdf\", \"地理标志认证\": \"https://cert.example.com/geographical/350525059.pdf\"}','6225881234567890123','招商银行永春支行','350525197801199012','https://idcard.example.com/front/350525197801199012.jpg','https://idcard.example.com/back/350525197801199012.jpg','永春佛手茶核心产区，地理标志认证，申请平台认证','approved','永春佛手茶认证属实','2025-10-22 13:20:00','2025-12-02 18:41:40','2025-12-02 18:41:40'),(60,1714238902060,'尤敏养殖农场',210781,'740亩养殖基地，年出栏绥中白梨50吨、肉鸡3万只','{\"地理标志认证\": \"https://cert.example.com/geographical/210781060.pdf\"}','6227001234567890123','中国建设银行绥中支行','210781198602200123','https://idcard.example.com/front/210781198602200123.jpg','https://idcard.example.com/back/210781198602200123.jpg','绥中白梨核心产区，地理标志认证，申请平台认证','approved','绥中白梨认证属实','2025-10-21 16:40:00','2025-12-02 18:41:40','2025-12-02 18:41:40'),(61,1714238902061,'许颖果园',654221,'510亩果园，年产伊宁苹果100吨、海棠果80吨','{\"绿色食品\": \"https://cert.example.com/green/654221061.pdf\"}','6228461234567890123','中国农业银行伊宁支行','654221198303211234','https://idcard.example.com/front/654221198303211234.jpg','https://idcard.example.com/back/654221198303211234.jpg','伊宁苹果产区，申请平台认证销售','pending',NULL,NULL,'2025-12-02 18:41:40','2025-12-02 18:41:40'),(62,1714238902062,'何强蔬菜大棚',320682,'290亩蔬菜大棚，年产如皋白萝卜80吨、白菜100吨','{\"地理标志认证\": \"https://cert.example.com/geographical/320682062.pdf\"}','6223191234567890123','南通银行如皋支行','320682197904222345','https://idcard.example.com/front/320682197904222345.jpg','https://idcard.example.com/back/320682197904222345.jpg','如皋白萝卜核心产区，地理标志认证，申请平台认证','approved','如皋白萝卜认证属实','2025-10-20 10:30:00','2025-12-02 18:41:40','2025-12-02 18:41:40'),(63,1714238902063,'施芳中药材基地',621221,'460亩药材基地，年产岷县当归50吨、黄芪30吨','{\"GAP认证\": \"https://cert.example.com/gap/621221063.pdf\", \"地理标志认证\": \"https://cert.example.com/geographical/621221063.pdf\"}','6222081234567890123','中国工商银行岷县支行','621221198105233456','https://idcard.example.com/front/621221198105233456.jpg','https://idcard.example.com/back/621221198105233456.jpg','岷县当归核心产区，地理标志认证，申请平台认证','approved','岷县当归认证属实','2025-10-19 14:10:00','2025-12-02 18:41:40','2025-12-02 18:41:40'),(64,1714238902064,'张杰水稻基地',340826,'910亩水田，年产望江挑花5万件、水稻600吨','{\"地理标志认证\": \"https://cert.example.com/geographical/340826064.pdf\"}','6228481234567890123','中国农业银行望江支行','340826198506244567','https://idcard.example.com/front/340826198506244567.jpg','https://idcard.example.com/back/340826198506244567.jpg','望江挑花核心产区，地理标志认证，申请平台认证','approved','望江挑花认证属实','2025-10-18 09:20:00','2025-12-02 18:41:40','2025-12-02 18:41:40'),(65,1714238902065,'孔敏养殖合作社',410725,'690亩养殖基地，年出栏延津胡萝卜100吨、生猪2000头','{\"地理标志认证\": \"https://cert.example.com/geographical/410725065.pdf\"}','6227001234567890123','中国建设银行延津支行','410725198707255678','https://idcard.example.com/front/410725198707255678.jpg','https://idcard.example.com/back/410725198707255678.jpg','延津胡萝卜核心产区，地理标志认证，申请平台认证','approved','延津胡萝卜认证属实','2025-10-17 13:40:00','2025-12-02 18:41:40','2025-12-02 18:41:40'),(66,1714238902066,'曹颖果园',510184,'480亩果园，年产都江堰猕猴桃80吨、李子50吨','{\"绿色食品\": \"https://cert.example.com/green/510184066.pdf\", \"地理标志认证\": \"https://cert.example.com/geographical/510184066.pdf\"}','6229081234567890123','招商银行都江堰支行','510184198408266789','https://idcard.example.com/front/510184198408266789.jpg','https://idcard.example.com/back/510184198408266789.jpg','都江堰猕猴桃核心产区，地理标志认证，申请平台认证','approved','都江堰猕猴桃认证属实','2025-10-16 16:10:00','2025-12-02 18:41:40','2025-12-02 18:41:40'),(67,1714238902067,'严强茶园',330122,'350亩茶园，年产桐庐雪水云绿茶8吨、龙井5吨','{\"地理标志认证\": \"https://cert.example.com/geographical/330122067.pdf\"}','6228471234567890123','中国农业银行桐庐支行','330122198209277890','https://idcard.example.com/front/330122198209277890.jpg','https://idcard.example.com/back/330122198209277890.jpg','桐庐雪水云绿茶核心产区，地理标志认证，申请平台认证','approved','雪水云绿茶认证属实','2025-10-15 10:40:00','2025-12-02 18:41:40','2025-12-02 18:41:40'),(68,1714238902068,'华芳蔬菜基地',371324,'320亩蔬菜基地，年产兰陵大蒜100吨、蔬菜80吨','{\"地理标志认证\": \"https://cert.example.com/geographical/371324068.pdf\"}','6223191234567890123','齐鲁银行兰陵支行','371324198010288901','https://idcard.example.com/front/371324198010288901.jpg','https://idcard.example.com/back/371324198010288901.jpg','兰陵大蒜核心产区，地理标志认证，申请平台认证','approved','兰陵大蒜认证属实','2025-10-14 14:20:00','2025-12-02 18:41:40','2025-12-02 18:41:40'),(69,1714238902069,'金杰养殖农场',220624,'760亩养殖基地，年出栏安图黑木耳20吨、林蛙10吨','{\"地理标志认证\": \"https://cert.example.com/geographical/220624069.pdf\", \"无公害养殖认证\": \"https://cert.example.com/pollution-free/220624069.pdf\"}','6222081234567890123','中国工商银行安图支行','220624197811299012','https://idcard.example.com/front/220624197811299012.jpg','https://idcard.example.com/back/220624197811299012.jpg','安图黑木耳核心产区，地理标志认证，申请平台认证','approved','安图黑木耳认证属实','2025-10-13 09:30:00','2025-12-02 18:41:40','2025-12-02 18:41:40'),(70,1714238902070,'魏敏果园',441881,'540亩果园，年产英德红茶10吨、砂糖橘100吨','{\"绿色食品\": \"https://cert.example.com/green/441881070.pdf\", \"地理标志认证\": \"https://cert.example.com/geographical/441881070.pdf\"}','6225881234567890123','招商银行英德支行','441881198612300123','https://idcard.example.com/front/441881198612300123.jpg','https://idcard.example.com/back/441881198612300123.jpg','英德红茶核心产区，地理标志认证，申请平台认证','approved','英德红茶认证属实','2025-10-12 13:10:00','2025-12-02 18:41:40','2025-12-02 18:41:40'),(71,1714238902071,'陶颖水稻基地',350922,'880亩水田，年产古田银耳20吨、水稻500吨','{\"地理标志认证\": \"https://cert.example.com/geographical/350922071.pdf\"}','6229081234567890123','兴业银行古田支行','350922198301011234','https://idcard.example.com/front/350922198301011234.jpg','https://idcard.example.com/back/350922198301011234.jpg','古田银耳核心产区，地理标志认证，申请平台认证','approved','古田银耳认证属实','2025-10-11 16:40:00','2025-12-02 18:41:40','2025-12-02 18:41:40'),(72,1714238902072,'姜强花卉基地',530322,'430亩花卉基地，年产宣威火腿50吨、玫瑰80万枝','{\"地理标志认证\": \"https://cert.example.com/geographical/530322072.pdf\"}','6228481234567890123','中国农业银行宣威支行','530322197902022345','https://idcard.example.com/front/530322197902022345.jpg','https://idcard.example.com/back/530322197902022345.jpg','宣威火腿核心产区，地理标志认证，申请平台认证','approved','宣威火腿认证属实','2025-10-10 10:20:00','2025-12-02 18:41:40','2025-12-02 18:41:40'),(73,1714238902073,'戚芳茶园',330324,'380亩茶园，年产永嘉乌牛早茶8吨、龙井5吨','{\"有机认证\": \"https://cert.example.com/organic/330324073.pdf\", \"地理标志认证\": \"https://cert.example.com/geographical/330324073.pdf\"}','6227001234567890123','中国建设银行永嘉支行','330324198103033456','https://idcard.example.com/front/330324198103033456.jpg','https://idcard.example.com/back/330324198103033456.jpg','永嘉乌牛早茶核心产区，地理标志认证，申请平台认证','approved','乌牛早茶认证属实','2025-10-09 14:30:00','2025-12-02 18:41:40','2025-12-02 18:41:40'),(74,1714238902074,'谢杰果园',610582,'560亩果园，年产韩城大红袍花椒20吨、苹果100吨','{\"地理标志认证\": \"https://cert.example.com/geographical/610582074.pdf\"}','6222081234567890123','中国工商银行韩城支行','610582198504044567','https://idcard.example.com/front/610582198504044567.jpg','https://idcard.example.com/back/610582198504044567.jpg','韩城大红袍花椒核心产区，地理标志认证，申请平台认证','approved','韩城花椒认证属实','2025-10-08 09:10:00','2025-12-02 18:41:40','2025-12-02 18:41:40'),(75,1714238902075,'邹敏蔬菜大棚',321084,'300亩蔬菜大棚，年产高邮咸鸭蛋50吨、蔬菜80吨','{\"地理标志认证\": \"https://cert.example.com/geographical/321084075.pdf\"}','6223191234567890123','扬州银行高邮支行','321084198705055678','https://idcard.example.com/front/321084198705055678.jpg','https://idcard.example.com/back/321084198705055678.jpg','高邮咸鸭蛋核心产区，地理标志认证，申请平台认证','approved','高邮咸鸭蛋认证属实','2025-10-07 13:20:00','2025-12-02 18:41:40','2025-12-02 18:41:40'),(76,1714238902076,'喻颖养殖合作社',450923,'710亩养殖基地，年出栏灵山香鸡3万只、荔枝80吨','{\"地理标志认证\": \"https://cert.example.com/geographical/450923076.pdf\", \"无公害养殖认证\": \"https://cert.example.com/pollution-free/450923076.pdf\"}','6229081234567890123','广西北部湾银行灵山支行','450923198406066789','https://idcard.example.com/front/450923198406066789.jpg','https://idcard.example.com/back/450923198406066789.jpg','灵山香鸡核心产区，地理标志认证，申请平台认证','approved','灵山香鸡认证属实','2025-10-06 16:40:00','2025-12-02 18:41:40','2025-12-02 18:41:40'),(77,1714238902077,'柏强水稻基地',341024,'850亩水田，年产绩溪火腿30吨、水稻500吨','{\"地理标志认证\": \"https://cert.example.com/geographical/341024077.pdf\"}','6228471234567890123','中国农业银行绩溪支行','341024198207077890','https://idcard.example.com/front/341024198207077890.jpg','https://idcard.example.com/back/341024198207077890.jpg','绩溪火腿核心产区，地理标志认证，申请平台认证','approved','绩溪火腿认证属实','2025-10-05 10:30:00','2025-12-02 18:41:40','2025-12-02 18:41:40'),(78,1714238902078,'水芳果园',511723,'470亩果园，年产开江白乌鱼20吨、柑橘80吨','{\"地理标志认证\": \"https://cert.example.com/geographical/511723078.pdf\"}','6225881234567890123','招商银行开江支行','511723198008088901','https://idcard.example.com/front/511723198008088901.jpg','https://idcard.example.com/back/511723198008088901.jpg','开江白乌鱼核心产区，地理标志认证，申请平台认证','approved','开江白乌鱼认证属实','2025-10-04 14:10:00','2025-12-02 18:41:40','2025-12-02 18:41:40'),(79,1714238902079,'窦杰茶园',330902,'360亩茶园，年产普陀佛茶5吨、海鲜80吨','{\"地理标志认证\": \"https://cert.example.com/geographical/330902079.pdf\"}','6222081234567890123','中国工商银行普陀支行','330902197809099012','https://idcard.example.com/front/330902197809099012.jpg','https://idcard.example.com/back/330902197809099012.jpg','普陀佛茶核心产区，地理标志认证，申请平台认证','approved','普陀佛茶认证属实','2025-10-03 09:20:00','2025-12-02 18:41:40','2025-12-02 18:41:40'),(80,1714238902080,'章敏养殖农场',210882,'730亩养殖基地，年出栏大石桥南果梨50吨、肉牛2000头','{\"地理标志认证\": \"https://cert.example.com/geographical/210882080.pdf\"}','6227001234567890123','中国建设银行大石桥支行','210882198610100123','https://idcard.example.com/front/210882198610100123.jpg','https://idcard.example.com/back/210882198610100123.jpg','大石桥南果梨核心产区，地理标志认证，申请平台认证','approved','南果梨认证属实','2025-10-02 13:40:00','2025-12-02 18:41:40','2025-12-02 18:41:40'),(81,1714238902081,'云颖果园',652801,'520亩果园，年产库尔勒香梨80吨、葡萄100吨','{\"绿色食品\": \"https://cert.example.com/green/652801081.pdf\", \"地理标志认证\": \"https://cert.example.com/geographical/652801081.pdf\"}','6228461234567890123','中国农业银行库尔勒支行','652801198311111234','https://idcard.example.com/front/652801198311111234.jpg','https://idcard.example.com/back/652801198311111234.jpg','库尔勒香梨核心产区，地理标志认证，申请平台认证','approved','库尔勒香梨认证属实','2025-10-01 16:10:00','2025-12-02 18:41:40','2025-12-02 18:41:40'),(82,1714238902082,'苏强蔬菜基地',320721,'310亩蔬菜基地，年产赣榆紫菜20吨、蔬菜80吨','{\"地理标志认证\": \"https://cert.example.com/geographical/320721082.pdf\"}','6223191234567890123','连云港银行赣榆支行','320721197912122345','https://idcard.example.com/front/320721197912122345.jpg','https://idcard.example.com/back/320721197912122345.jpg','赣榆紫菜核心产区，地理标志认证，申请平台认证','approved','赣榆紫菜认证属实','2025-09-30 10:40:00','2025-12-02 18:41:40','2025-12-02 18:41:40'),(83,1714238902083,'潘芳中药材基地',620421,'490亩药材基地，年产靖远枸杞50吨、甘草30吨','{\"GAP认证\": \"https://cert.example.com/gap/620421083.pdf\", \"地理标志认证\": \"https://cert.example.com/geographical/620421083.pdf\"}','6222081234567890123','中国工商银行靖远支行','620421198101133456','https://idcard.example.com/front/620421198101133456.jpg','https://idcard.example.com/back/620421198101133456.jpg','靖远枸杞核心产区，地理标志认证，申请平台认证','approved','靖远枸杞认证属实','2025-09-29 14:20:00','2025-12-02 18:41:40','2025-12-02 18:41:40'),(84,1714238902084,'葛杰水稻基地',340123,'890亩水田，年产肥西老母鸡3万只、水稻600吨','{\"地理标志认证\": \"https://cert.example.com/geographical/340123084.pdf\"}','6228481234567890123','中国农业银行肥西支行','340123198502144567','https://idcard.example.com/front/340123198502144567.jpg','https://idcard.example.com/back/340123198502144567.jpg','肥西老母鸡核心产区，地理标志认证，申请平台认证','approved','肥西老母鸡认证属实','2025-09-28 09:30:00','2025-12-02 18:41:40','2025-12-02 18:41:40'),(85,1714238902085,'奚敏养殖合作社',411423,'700亩养殖基地，年出栏宁陵酥梨50吨、生猪3000头','{\"地理标志认证\": \"https://cert.example.com/geographical/411423085.pdf\"}','6227001234567890123','中国建设银行宁陵支行','411423198703155678','https://idcard.example.com/front/411423198703155678.jpg','https://idcard.example.com/back/411423198703155678.jpg','宁陵酥梨核心产区，地理标志认证，申请平台认证','approved','宁陵酥梨认证属实','2025-09-27 13:10:00','2025-12-02 18:41:40','2025-12-02 18:41:40'),(86,1714238902086,'范颖果园',510524,'480亩果园，年产泸州桂圆80吨、荔枝50吨','{\"绿色食品\": \"https://cert.example.com/green/510524086.pdf\", \"地理标志认证\": \"https://cert.example.com/geographical/510524086.pdf\"}','6229081234567890123','招商银行泸州支行','510524198404166789','https://idcard.example.com/front/510524198404166789.jpg','https://idcard.example.com/back/510524198404166789.jpg','泸州桂圆核心产区，地理标志认证，申请平台认证','approved','泸州桂圆认证属实','2025-09-26 16:40:00','2025-12-02 18:41:40','2025-12-02 18:41:40'),(87,1714238902087,'彭强茶园',330225,'370亩茶园，年产象山柑橘80吨、茶叶5吨','{\"地理标志认证\": \"https://cert.example.com/geographical/330225087.pdf\"}','6228471234567890123','中国农业银行象山支行','330225198205177890','https://idcard.example.com/front/330225198205177890.jpg','https://idcard.example.com/back/330225198205177890.jpg','象山柑橘核心产区，地理标志认证，申请平台认证','approved','象山柑橘认证属实','2025-09-25 10:20:00','2025-12-02 18:41:40','2025-12-02 18:41:40'),(88,1714238902088,'郎芳蔬菜大棚',370481,'330亩蔬菜大棚，年产滕州马铃薯100吨、蔬菜80吨','{\"地理标志认证\": \"https://cert.example.com/geographical/370481088.pdf\"}','6223191234567890123','枣庄银行滕州支行','370481198006188901','https://idcard.example.com/front/370481198006188901.jpg','https://idcard.example.com/back/370481198006188901.jpg','滕州马铃薯核心产区，地理标志认证，申请平台认证','approved','滕州马铃薯认证属实','2025-09-24 14:30:00','2025-12-02 18:41:40','2025-12-02 18:41:40'),(89,1714238902089,'鲁杰养殖农场',222403,'750亩养殖基地，年出栏敦化黑木耳20吨、黄牛2000头','{\"地理标志认证\": \"https://cert.example.com/geographical/222403089.pdf\", \"无公害养殖认证\": \"https://cert.example.com/pollution-free/222403089.pdf\"}','6222081234567890123','中国工商银行敦化支行','222403197807199012','https://idcard.example.com/front/222403197807199012.jpg','https://idcard.example.com/back/222403197807199012.jpg','敦化黑木耳核心产区，地理标志认证，申请平台认证','approved','敦化黑木耳认证属实','2025-09-23 09:10:00','2025-12-02 18:41:40','2025-12-02 18:41:40'),(90,1714238902090,'韦敏果园',440229,'550亩果园，年产连山沙田柚80吨、柑橘50吨','{\"绿色食品\": \"https://cert.example.com/green/440229090.pdf\", \"地理标志认证\": \"https://cert.example.com/geographical/440229090.pdf\"}','6225881234567890123','招商银行连山支行','440229198608200123','https://idcard.example.com/front/440229198608200123.jpg','https://idcard.example.com/back/440229198608200123.jpg','连山沙田柚核心产区，地理标志认证，申请平台认证','approved','连山沙田柚认证属实','2025-09-22 13:20:00','2025-12-02 18:41:40','2025-12-02 18:41:40'),(91,1714238902091,'昌颖水稻基地',350424,'900亩水田，年产明溪肉脯干20吨、水稻600吨','{\"地理标志认证\": \"https://cert.example.com/geographical/350424091.pdf\"}','6229081234567890123','兴业银行明溪支行','350424198309211234','https://idcard.example.com/front/350424198309211234.jpg','https://idcard.example.com/back/350424198309211234.jpg','明溪肉脯干核心产区，地理标志认证，申请平台认证','approved','明溪肉脯干认证属实','2025-09-21 16:40:00','2025-12-02 18:41:40','2025-12-02 18:41:40'),(92,1714238902092,'马强花卉基地',530181,'440亩花卉基地，年产安宁白凤桃50吨、玫瑰80万枝','{\"地理标志认证\": \"https://cert.example.com/geographical/530181092.pdf\"}','6228481234567890123','中国农业银行安宁支行','530181197910222345','https://idcard.example.com/front/530181197910222345.jpg','https://idcard.example.com/back/530181197910222345.jpg','安宁白凤桃核心产区，地理标志认证，申请平台认证','approved','安宁白凤桃认证属实','2025-09-20 10:30:00','2025-12-02 18:41:40','2025-12-02 18:41:40'),(93,1714238902093,'苗芳茶园',330382,'390亩茶园，年产乐清湾缢蛏50吨、茶叶8吨','{\"地理标志认证\": \"https://cert.example.com/geographical/330382093.pdf\"}','6227001234567890123','中国建设银行乐清支行','330382198111233456','https://idcard.example.com/front/330382198111233456.jpg','https://idcard.example.com/back/330382198111233456.jpg','乐清湾缢蛏核心产区，地理标志认证，申请平台认证','approved','乐清湾缢蛏认证属实','2025-09-19 14:10:00','2025-12-02 18:41:40','2025-12-02 18:41:40'),(94,1714238902094,'凤杰果园',610381,'570亩果园，年产宝鸡苹果100吨、猕猴桃80吨','{\"绿色食品\": \"https://cert.example.com/green/610381094.pdf\"}','6222081234567890123','中国工商银行宝鸡支行','610381198512244567','https://idcard.example.com/front/610381198512244567.jpg','https://idcard.example.com/back/610381198512244567.jpg','宝鸡苹果产区，申请平台认证销售','pending',NULL,NULL,'2025-12-02 18:41:40','2025-12-02 18:41:40'),(95,1714238902095,'花敏蔬菜基地',321281,'320亩蔬菜基地，年产靖江猪肉脯30吨、蔬菜80吨','{\"地理标志认证\": \"https://cert.example.com/geographical/321281095.pdf\"}','6223191234567890123','泰州银行靖江支行','321281198701255678','https://idcard.example.com/front/321281198701255678.jpg','https://idcard.example.com/back/321281198701255678.jpg','靖江猪肉脯核心产区，地理标志认证，申请平台认证','approved','靖江猪肉脯认证属实','2025-09-17 13:40:00','2025-12-02 18:41:40','2025-12-02 18:41:40'),(96,1714238902096,'方颖养殖合作社',451023,'720亩养殖基地，年出栏富川脐橙80吨、土鸡3万只','{\"地理标志认证\": \"https://cert.example.com/geographical/451023096.pdf\", \"无公害养殖认证\": \"https://cert.example.com/pollution-free/451023096.pdf\"}','6229081234567890123','广西北部湾银行富川支行','451023198402266789','https://idcard.example.com/front/451023198402266789.jpg','https://idcard.example.com/back/451023198402266789.jpg','富川脐橙核心产区，地理标志认证，申请平台认证','approved','富川脐橙认证属实','2025-09-16 16:10:00','2025-12-02 18:41:40','2025-12-02 18:41:40'),(97,1714238902097,'俞强水稻基地',341222,'870亩水田，年产太和香椿20吨、水稻600吨','{\"地理标志认证\": \"https://cert.example.com/geographical/341222097.pdf\"}','6228471234567890123','中国农业银行太和支行','341222198203277890','https://idcard.example.com/front/341222198203277890.jpg','https://idcard.example.com/back/341222198203277890.jpg','太和香椿核心产区，地理标志认证，申请平台认证','approved','太和香椿认证属实','2025-09-15 10:40:00','2025-12-02 18:41:40','2025-12-02 18:41:40'),(98,1714238902098,'任芳果园',511921,'490亩果园，年产通江银耳20吨、柑橘80吨','{\"地理标志认证\": \"https://cert.example.com/geographical/511921098.pdf\"}','6225881234567890123','招商银行通江支行','511921198004288901','https://idcard.example.com/front/511921198004288901.jpg','https://idcard.example.com/back/511921198004288901.jpg','通江银耳核心产区，地理标志认证，申请平台认证','approved','通江银耳认证属实','2025-09-14 14:20:00','2025-12-02 18:41:40','2025-12-02 18:41:40'),(99,1714238902099,'袁杰茶园',330921,'380亩茶园，年产岱山蓬莱仙芝茶5吨、海鲜80吨','{\"地理标志认证\": \"https://cert.example.com/geographical/330921099.pdf\"}','6222081234567890123','中国工商银行岱山支行','330921197805299012','https://idcard.example.com/front/330921197805299012.jpg','https://idcard.example.com/back/330921197805299012.jpg','岱山蓬莱仙芝茶核心产区，地理标志认证，申请平台认证','approved','蓬莱仙芝茶认证属实','2025-09-13 09:30:00','2025-12-02 18:41:40','2025-12-02 18:41:40'),(100,1714238902100,'柳敏养殖农场',210921,'740亩养殖基地，年出栏台安肉鸭5万只、大米500吨','{\"无公害养殖认证\": \"https://cert.example.com/pollution-free/210921100.pdf\"}','6227001234567890123','中国建设银行台安支行','210921198606300123','https://idcard.example.com/front/210921198606300123.jpg','https://idcard.example.com/back/210921198606300123.jpg','台安肉鸭养殖基地，申请平台认证销售','pending',NULL,NULL,'2025-12-02 18:41:40','2025-12-02 18:41:40'),(101,1714238902101,'酆颖果园',654321,'530亩果园，年产漠河蓝莓20吨、松子50吨','{\"地理标志认证\": \"https://cert.example.com/geographical/654321101.pdf\"}','6228461234567890123','中国农业银行漠河支行','654321198307011234','https://idcard.example.com/front/654321198307011234.jpg','https://idcard.example.com/back/654321198307011234.jpg','漠河蓝莓核心产区，地理标志认证，申请平台认证','approved','漠河蓝莓认证属实','2025-09-12 13:10:00','2025-12-02 18:41:40','2025-12-02 18:41:40'),(102,1714238902102,'鲍强蔬菜基地',320826,'340亩蔬菜基地，年产沭阳金针菜20吨、蔬菜80吨','{\"地理标志认证\": \"https://cert.example.com/geographical/320826102.pdf\"}','6223191234567890123','宿迁银行沭阳支行','320826197908022345','https://idcard.example.com/front/320826197908022345.jpg','https://idcard.example.com/back/320826197908022345.jpg','沭阳金针菜核心产区，地理标志认证，申请平台认证','approved','沭阳金针菜认证属实','2025-09-11 16:40:00','2025-12-02 18:41:40','2025-12-02 18:41:40'),(103,1714238902103,'史芳中药材基地',620521,'500亩药材基地，年产天水花牛苹果80吨、党参30吨','{\"地理标志认证\": \"https://cert.example.com/geographical/620521103.pdf\"}','6222081234567890123','中国工商银行天水支行','620521198109033456','https://idcard.example.com/front/620521198109033456.jpg','https://idcard.example.com/back/620521198109033456.jpg','天水花牛苹果核心产区，地理标志认证，申请平台认证','approved','花牛苹果认证属实','2025-09-10 10:20:00','2025-12-02 18:41:40','2025-12-02 18:41:40'),(104,1714238902104,'唐杰水稻基地',340223,'920亩水田，年产无为板鸭50吨、水稻600吨','{\"地理标志认证\": \"https://cert.example.com/geographical/340223104.pdf\"}','6228481234567890123','中国农业银行无为支行','340223198510044567','https://idcard.example.com/front/340223198510044567.jpg','https://idcard.example.com/back/340223198510044567.jpg','无为板鸭核心产区，地理标志认证，申请平台认证','approved','无为板鸭认证属实','2025-09-09 14:30:00','2025-12-02 18:41:40','2025-12-02 18:41:40'),(105,1714238902105,'费敏养殖合作社',411524,'710亩养殖基地，年出栏宁都黄鸡3万只、脐橙80吨','{\"地理标志认证\": \"https://cert.example.com/geographical/411524105.pdf\", \"无公害养殖认证\": \"https://cert.example.com/pollution-free/411524105.pdf\"}','6227001234567890123','中国建设银行宁都支行','411524198711055678','https://idcard.example.com/front/411524198711055678.jpg','https://idcard.example.com/back/411524198711055678.jpg','宁都黄鸡核心产区，地理标志认证，申请平台认证','approved','宁都黄鸡认证属实','2025-09-08 09:10:00','2025-12-02 18:41:40','2025-12-02 18:41:40'),(106,1714238902106,'廉颖果园',510722,'500亩果园，年产江油附子20吨、柑橘80吨','{\"GAP认证\": \"https://cert.example.com/gap/510722106.pdf\", \"地理标志认证\": \"https://cert.example.com/geographical/510722106.pdf\"}','6229081234567890123','招商银行江油支行','510722198412066789','https://idcard.example.com/front/510722198412066789.jpg','https://idcard.example.com/back/510722198412066789.jpg','江油附子核心产区，地理标志认证，申请平台认证','approved','江油附子认证属实','2025-09-07 13:20:00','2025-12-02 18:41:40','2025-12-02 18:41:40'),(107,1714238902107,'岑强茶园',330481,'400亩茶园，年产平湖西瓜50吨、茶叶8吨','{\"地理标志认证\": \"https://cert.example.com/geographical/330481107.pdf\"}','6228471234567890123','中国农业银行平湖支行','330481198201077890','https://idcard.example.com/front/330481198201077890.jpg','https://idcard.example.com/back/330481198201077890.jpg','平湖西瓜核心产区，地理标志认证，申请平台认证','approved','平湖西瓜认证属实','2025-09-06 16:40:00','2025-12-02 18:41:40','2025-12-02 18:41:40'),(108,1714238902108,'薛芳蔬菜大棚',370832,'350亩蔬菜大棚，年产汶上芦花鸡3万只、蔬菜80吨','{\"地理标志认证\": \"https://cert.example.com/geographical/370832108.pdf\"}','6223191234567890123','济宁银行汶上支行','370832198002088901','https://idcard.example.com/front/370832198002088901.jpg','https://idcard.example.com/back/370832198002088901.jpg','汶上芦花鸡核心产区，地理标志认证，申请平台认证','approved','汶上芦花鸡认证属实','2025-09-05 10:30:00','2025-12-02 18:41:40','2025-12-02 18:41:40'),(109,1714238902109,'贺杰养殖农场',220882,'760亩养殖基地，年出栏大安嫩江湾鲜鱼50吨、肉牛2000头','{\"地理标志认证\": \"https://cert.example.com/geographical/220882109.pdf\"}','6222081234567890123','中国工商银行大安支行','220882197803099012','https://idcard.example.com/front/220882197803099012.jpg','https://idcard.example.com/back/220882197803099012.jpg','大安嫩江湾鲜鱼核心产区，地理标志认证，申请平台认证','approved','嫩江湾鲜鱼认证属实','2025-09-04 14:10:00','2025-12-02 18:41:40','2025-12-02 18:41:40'),(110,1714238902110,'汤敏果园',441224,'560亩果园，年产始兴枇杷50吨、柑橘80吨','{\"绿色食品\": \"https://cert.example.com/green/441224110.pdf\"}','6225881234567890123','招商银行始兴支行','441224198604100123','https://idcard.example.com/front/441224198604100123.jpg','https://idcard.example.com/back/441224198604100123.jpg','始兴枇杷产区，申请平台认证销售','pending',NULL,NULL,'2025-12-02 18:41:40','2025-12-02 18:41:40'),(111,1714238902111,'滕颖水稻基地',350628,'930亩水田，年产平和琯溪蜜柚100吨、水稻600吨','{\"地理标志认证\": \"https://cert.example.com/geographical/350628111.pdf\"}','6229081234567890123','兴业银行平和支行','350628198305111234','https://idcard.example.com/front/350628198305111234.jpg','https://idcard.example.com/back/350628198305111234.jpg','平和琯溪蜜柚核心产区，地理标志认证，申请平台认证','approved','琯溪蜜柚认证属实','2025-09-02 13:40:00','2025-12-02 18:41:40','2025-12-02 18:41:40'),(112,1714238902112,'罗强花卉基地',530428,'450亩花卉基地，年产华宁柑桔80吨、玫瑰80万枝','{\"地理标志认证\": \"https://cert.example.com/geographical/530428112.pdf\"}','6228481234567890123','中国农业银行华宁支行','530428197906122345','https://idcard.example.com/front/530428197906122345.jpg','https://idcard.example.com/back/530428197906122345.jpg','华宁柑桔核心产区，地理标志认证，申请平台认证','approved','华宁柑桔认证属实','2025-09-01 16:10:00','2025-12-02 18:41:40','2025-12-02 18:41:40'),(113,1714238902113,'毕芳茶园',330521,'410亩茶园，年产德清莫干黄芽茶8吨、青梅50吨','{\"地理标志认证\": \"https://cert.example.com/geographical/330521113.pdf\"}','6227001234567890123','中国建设银行德清支行','330521198107133456','https://idcard.example.com/front/330521198107133456.jpg','https://idcard.example.com/back/330521198107133456.jpg','德清莫干黄芽茶核心产区，地理标志认证，申请平台认证','approved','莫干黄芽茶认证属实','2025-08-31 10:40:00','2025-12-02 18:41:40','2025-12-02 18:41:40'),(114,1714238902114,'郝杰果园',610424,'580亩果园，年产扶风苹果80吨、猕猴桃50吨','{\"绿色食品\": \"https://cert.example.com/green/610424114.pdf\"}','6222081234567890123','中国工商银行扶风支行','610424198508144567','https://idcard.example.com/front/610424198508144567.jpg','https://idcard.example.com/back/610424198508144567.jpg','扶风苹果产区，申请平台认证销售','pending',NULL,NULL,'2025-12-02 18:41:40','2025-12-02 18:41:40'),(115,1714238902115,'邵敏蔬菜基地',321181,'360亩蔬菜基地，年产丹阳黄酒50吨、蔬菜80吨','{\"地理标志认证\": \"https://cert.example.com/geographical/321181115.pdf\"}','6223191234567890123','镇江银行丹阳支行','321181198709155678','https://idcard.example.com/front/321181198709155678.jpg','https://idcard.example.com/back/321181198709155678.jpg','丹阳黄酒核心产区，地理标志认证，申请平台认证','approved','丹阳黄酒认证属实','2025-08-30 14:20:00','2025-12-02 18:41:40','2025-12-02 18:41:40'),(116,1714238902116,'毛颖养殖合作社',451122,'730亩养殖基地，年出栏钟山贡柑80吨、土鸡3万只','{\"地理标志认证\": \"https://cert.example.com/geographical/451122116.pdf\", \"无公害养殖认证\": \"https://cert.example.com/pollution-free/451122116.pdf\"}','6229081234567890123','广西北部湾银行钟山支行','451122198410166789','https://idcard.example.com/front/451122198410166789.jpg','https://idcard.example.com/back/451122198410166789.jpg','钟山贡柑核心产区，地理标志认证，申请平台认证','approved','钟山贡柑认证属实','2025-08-29 09:30:00','2025-12-02 18:41:40','2025-12-02 18:41:40'),(117,1714238902117,'禹强水稻基地',341322,'880亩水田，年产泗县粉丝50吨、水稻600吨','{\"地理标志认证\": \"https://cert.example.com/geographical/341322117.pdf\"}','6228471234567890123','中国农业银行泗县支行','341322198211177890','https://idcard.example.com/front/341322198211177890.jpg','https://idcard.example.com/back/341322198211177890.jpg','泗县粉丝核心产区，地理标志认证，申请平台认证','approved','泗县粉丝认证属实','2025-08-28 13:10:00','2025-12-02 18:41:40','2025-12-02 18:41:40'),(118,1714238902118,'狄芳果园',511822,'510亩果园，年产彭州大蒜20吨、柑橘80吨','{\"地理标志认证\": \"https://cert.example.com/geographical/511822118.pdf\"}','6225881234567890123','招商银行彭州支行','511822198012188901','https://idcard.example.com/front/511822198012188901.jpg','https://idcard.example.com/back/511822198012188901.jpg','彭州大蒜核心产区，地理标志认证，申请平台认证','approved','彭州大蒜认证属实','2025-08-27 16:40:00','2025-12-02 18:41:40','2025-12-02 18:41:40'),(119,1714238902119,'米杰茶园',331024,'420亩茶园，年产松阳银猴茶8吨、香菇50吨','{\"地理标志认证\": \"https://cert.example.com/geographical/331024119.pdf\"}','6222081234567890123','中国工商银行松阳支行','331024197801199012','https://idcard.example.com/front/331024197801199012.jpg','https://idcard.example.com/back/331024197801199012.jpg','松阳银猴茶核心产区，地理标志认证，申请平台认证','approved','松阳银猴茶认证属实','2025-08-26 10:20:00','2025-12-02 18:41:40','2025-12-02 18:41:40'),(120,1714238902120,'戴敏养殖农场',211224,'770亩养殖基地，年出栏昌图豁鹅5万只、玉米800吨','{\"地理标志认证\": \"https://cert.example.com/geographical/211224120.pdf\"}','6227001234567890123','中国建设银行昌图支行','211224198602200123','https://idcard.example.com/front/211224198602200123.jpg','https://idcard.example.com/back/211224198602200123.jpg','昌图豁鹅核心产区，地理标志认证，申请平台认证','approved','昌图豁鹅认证属实','2025-08-25 14:30:00','2025-12-02 18:41:40','2025-12-02 18:41:40'),(121,1714238902121,'谈颖果园',659001,'590亩果园，年产三沙芒果80吨、香蕉100吨','{\"绿色食品\": \"https://cert.example.com/green/659001121.pdf\"}','6228461234567890123','中国农业银行三沙支行','659001198303211234','https://idcard.example.com/front/659001198303211234.jpg','https://idcard.example.com/back/659001198303211234.jpg','三沙芒果产区，申请平台认证销售','pending',NULL,NULL,'2025-12-02 18:41:40','2025-12-02 18:41:40'),(122,1714238902122,'宋强蔬菜基地',320281,'370亩蔬菜基地，年产江阴马蹄酥50吨、蔬菜80吨','{\"地理标志认证\": \"https://cert.example.com/geographical/320281122.pdf\"}','6223191234567890123','无锡银行江阴支行','320281197904222345','https://idcard.example.com/front/320281197904222345.jpg','https://idcard.example.com/back/320281197904222345.jpg','江阴马蹄酥核心产区，地理标志认证，申请平台认证','approved','江阴马蹄酥认证属实','2025-08-23 10:30:00','2025-12-02 18:41:40','2025-12-02 18:41:40'),(123,1714238902123,'庞芳中药材基地',620621,'520亩药材基地，年产永昌啤酒大麦50吨、甘草30吨','{\"地理标志认证\": \"https://cert.example.com/geographical/620621123.pdf\"}','6222081234567890123','中国工商银行永昌支行','620621198105233456','https://idcard.example.com/front/620621198105233456.jpg','https://idcard.example.com/back/620621198105233456.jpg','永昌啤酒大麦核心产区，地理标志认证，申请平台认证','approved','永昌啤酒大麦认证属实','2025-08-22 14:10:00','2025-12-02 18:41:40','2025-12-02 18:41:40'),(124,1714238902124,'熊杰水稻基地',340321,'940亩水田，年产怀远石榴80吨、水稻600吨','{\"地理标志认证\": \"https://cert.example.com/geographical/340321124.pdf\"}','6228481234567890123','中国农业银行怀远支行','340321198506244567','https://idcard.example.com/front/340321198506244567.jpg','https://idcard.example.com/back/340321198506244567.jpg','怀远石榴核心产区，地理标志认证，申请平台认证','approved','怀远石榴认证属实','2025-08-21 16:40:00','2025-12-02 18:41:40','2025-12-02 18:41:40'),(125,1714238902125,'纪敏养殖合作社',411623,'740亩养殖基地，年出栏固始鸡5万只、茶叶80吨','{\"地理标志认证\": \"https://cert.example.com/geographical/411623125.pdf\", \"无公害养殖认证\": \"https://cert.example.com/pollution-free/411623125.pdf\"}','6227001234567890123','中国建设银行固始支行','411623198707255678','https://idcard.example.com/front/411623198707255678.jpg','https://idcard.example.com/back/411623198707255678.jpg','固始鸡核心产区，地理标志认证，申请平台认证','approved','固始鸡认证属实','2025-08-20 10:40:00','2025-12-02 18:41:40','2025-12-02 18:41:40'),(126,1714238902126,'舒颖果园',510824,'530亩果园，年产苍溪红心猕猴桃80吨、雪梨50吨','{\"绿色食品\": \"https://cert.example.com/green/510824126.pdf\", \"地理标志认证\": \"https://cert.example.com/geographical/510824126.pdf\"}','6229081234567890123','招商银行苍溪支行','510824198408266789','https://idcard.example.com/front/510824198408266789.jpg','https://idcard.example.com/back/510824198408266789.jpg','苍溪红心猕猴桃核心产区，地理标志认证，申请平台认证','approved','苍溪红心猕猴桃认证属实','2025-08-19 14:20:00','2025-12-02 18:41:40','2025-12-02 18:41:40'),(127,1714238902127,'屈强茶园',330681,'430亩茶园，年产诸暨珍珠50吨、茶叶8吨','{\"地理标志认证\": \"https://cert.example.com/geographical/330681127.pdf\"}','6228471234567890123','中国农业银行诸暨支行','330681198209277890','https://idcard.example.com/front/330681198209277890.jpg','https://idcard.example.com/back/330681198209277890.jpg','诸暨珍珠核心产区，地理标志认证，申请平台认证','approved','诸暨珍珠认证属实','2025-08-18 09:30:00','2025-12-02 18:41:40','2025-12-02 18:41:40'),(128,1714238902128,'项芳蔬菜大棚',370982,'380亩蔬菜大棚，年产新泰芹菜50吨、蔬菜80吨','{\"地理标志认证\": \"https://cert.example.com/geographical/370982128.pdf\"}','6223191234567890123','泰安银行新泰支行','370982198010288901','https://idcard.example.com/front/370982198010288901.jpg','https://idcard.example.com/back/370982198010288901.jpg','新泰芹菜核心产区，地理标志认证，申请平台认证','approved','新泰芹菜认证属实','2025-08-17 13:10:00','2025-12-02 18:41:40','2025-12-02 18:41:40'),(129,1714238902129,'祝杰养殖农场',222426,'780亩养殖基地，年出栏汪清黑木耳20吨、林蛙10吨','{\"地理标志认证\": \"https://cert.example.com/geographical/222426129.pdf\", \"无公害养殖认证\": \"https://cert.example.com/pollution-free/222426129.pdf\"}','6222081234567890123','中国工商银行汪清支行','222426197811299012','https://idcard.example.com/front/222426197811299012.jpg','https://idcard.example.com/back/222426197811299012.jpg','汪清黑木耳核心产区，地理标志认证，申请平台认证','approved','汪清黑木耳认证属实','2025-08-16 16:40:00','2025-12-02 18:41:40','2025-12-02 18:41:40'),(130,1714238902130,'董敏果园',441424,'540亩果园，年产梅县金柚80吨、柑橘50吨','{\"绿色食品\": \"https://cert.example.com/green/441424130.pdf\", \"地理标志认证\": \"https://cert.example.com/geographical/441424130.pdf\"}','6225881234567890123','招商银行梅县支行','441424198612300123','https://idcard.example.com/front/441424198612300123.jpg','https://idcard.example.com/back/441424198612300123.jpg','梅县金柚核心产区，地理标志认证，申请平台认证','approved','梅县金柚认证属实','2025-08-15 10:20:00','2025-12-02 18:41:40','2025-12-02 18:41:40'),(131,1714238902131,'梁颖水稻基地',350823,'950亩水田，年产连城白鸭5万只、水稻600吨','{\"地理标志认证\": \"https://cert.example.com/geographical/350823131.pdf\"}','6229081234567890123','兴业银行连城支行','350823198301011234','https://idcard.example.com/front/350823198301011234.jpg','https://idcard.example.com/back/350823198301011234.jpg','连城白鸭核心产区，地理标志认证，申请平台认证','approved','连城白鸭认证属实','2025-08-14 14:30:00','2025-12-02 18:41:40','2025-12-02 18:41:40'),(132,1714238902132,'杜强花卉基地',530524,'460亩花卉基地，年产石屏豆腐50吨、玫瑰80万枝','{\"地理标志认证\": \"https://cert.example.com/geographical/530524132.pdf\"}','6228481234567890123','中国农业银行石屏支行','530524197902022345','https://idcard.example.com/front/530524197902022345.jpg','https://idcard.example.com/back/530524197902022345.jpg','石屏豆腐核心产区，地理标志认证，申请平台认证','approved','石屏豆腐认证属实','2025-08-13 10:30:00','2025-12-02 18:41:40','2025-12-02 18:41:40'),(133,1714238902133,'阮芳茶园',330782,'440亩茶园，年产义乌红糖50吨、茶叶8吨','{\"地理标志认证\": \"https://cert.example.com/geographical/330782133.pdf\"}','6227001234567890123','中国建设银行义乌支行','330782198103033456','https://idcard.example.com/front/330782198103033456.jpg','https://idcard.example.com/back/330782198103033456.jpg','义乌红糖核心产区，地理标志认证，申请平台认证','approved','义乌红糖认证属实','2025-08-12 14:10:00','2025-12-02 18:41:40','2025-12-02 18:41:40'),(134,1714238902134,'蓝杰果园',610622,'600亩果园，年产洛川苹果100吨、酥梨80吨','{\"绿色食品\": \"https://cert.example.com/green/610622134.pdf\", \"地理标志认证\": \"https://cert.example.com/geographical/610622134.pdf\"}','6222081234567890123','中国工商银行洛川支行','610622198504044567','https://idcard.example.com/front/610622198504044567.jpg','https://idcard.example.com/back/610622198504044567.jpg','洛川苹果核心产区，地理标志认证，申请平台认证','approved','洛川苹果认证属实','2025-08-11 16:40:00','2025-12-02 18:41:40','2025-12-02 18:41:40'),(135,1714238902135,'闵敏蔬菜基地',321322,'390亩蔬菜基地，年产泗洪大枣50吨、蔬菜80吨','{\"地理标志认证\": \"https://cert.example.com/geographical/321322135.pdf\"}','6223191234567890123','宿迁银行泗洪支行','321322198705055678','https://idcard.example.com/front/321322198705055678.jpg','https://idcard.example.com/back/321322198705055678.jpg','泗洪大枣核心产区，地理标志认证，申请平台认证','approved','泗洪大枣认证属实','2025-08-10 10:40:00','2025-12-02 18:41:40','2025-12-02 18:41:40'),(136,1714238902136,'席颖养殖合作社',451223,'750亩养殖基地，年出栏荔浦芋头80吨、土鸡3万只','{\"地理标志认证\": \"https://cert.example.com/geographical/451223136.pdf\", \"无公害养殖认证\": \"https://cert.example.com/pollution-free/451223136.pdf\"}','6229081234567890123','广西北部湾银行荔浦支行','451223198406066789','https://idcard.example.com/front/451223198406066789.jpg','https://idcard.example.com/back/451223198406066789.jpg','荔浦芋头核心产区，地理标志认证，申请平台认证','approved','荔浦芋头认证属实','2025-08-09 14:20:00','2025-12-02 18:41:40','2025-12-02 18:41:40'),(137,1714238902137,'季强水稻基地',341523,'960亩水田，年产舒城小兰花茶8吨、水稻600吨','{\"地理标志认证\": \"https://cert.example.com/geographical/341523137.pdf\"}','6228471234567890123','中国农业银行舒城支行','341523198207077890','https://idcard.example.com/front/341523198207077890.jpg','https://idcard.example.com/back/341523198207077890.jpg','舒城小兰花茶核心产区，地理标志认证，申请平台认证','approved','舒城小兰花茶认证属实','2025-08-08 09:30:00','2025-12-02 18:41:40','2025-12-02 18:41:40'),(138,1714238902138,'麻芳果园',511923,'550亩果园，年产南江黄羊5000头、核桃80吨','{\"地理标志认证\": \"https://cert.example.com/geographical/511923138.pdf\"}','6225881234567890123','招商银行南江支行','511923198008088901','https://idcard.example.com/front/511923198008088901.jpg','https://idcard.example.com/back/511923198008088901.jpg','南江黄羊核心产区，地理标志认证，申请平台认证','approved','南江黄羊认证属实','2025-08-07 13:10:00','2025-12-02 18:41:40','2025-12-02 18:41:40'),(139,1714238902139,'崔杰茶园',330881,'450亩茶园，年产龙游发糕50吨、茶叶8吨','{\"地理标志认证\": \"https://cert.example.com/geographical/330881139.pdf\"}','6222081234567890123','中国工商银行龙游支行','330881197809099012','https://idcard.example.com/front/330881197809099012.jpg','https://idcard.example.com/back/330881197809099012.jpg','龙游发糕核心产区，地理标志认证，申请平台认证','approved','龙游发糕认证属实','2025-08-06 16:40:00','2025-12-02 18:41:40','2025-12-02 18:41:40'),(140,254277940316082176,'烁哥生态农场',110108,'680亩生态农场，年产有机蔬菜200吨、水果100吨、土鸡1万只','{\"有机认证\": \"https://cert.example.com/organic/110108999.pdf\", \"绿色食品\": \"https://cert.example.com/green/110108999.pdf\"}','6225991234567890123','招商银行海淀支行','110108199001011234','https://idcard.example.com/front/110108199001011234.jpg','https://idcard.example.com/back/110108199001011234.jpg','北京生态农场，有机认证，申请平台认证','approved','北京生态农场认证通过','2025-12-01 10:00:00','2025-12-02 18:32:14','2025-12-02 18:32:14');
/*!40000 ALTER TABLE `farmer_info` ENABLE KEYS */;
UNLOCK TABLES;

--
-- Table structure for table `farmer_product`
--

DROP TABLE IF EXISTS `farmer_product`;
/*!40101 SET @saved_cs_client     = @@character_set_client */;
/*!50503 SET character_set_client = utf8mb4 */;
CREATE TABLE `farmer_product` (
  `id` bigint NOT NULL COMMENT '产品ID（雪花算法）',
  `farmer_id` bigint NOT NULL COMMENT '所属农户（关联farmer_info）',
  `category_id` bigint NOT NULL COMMENT '产品分类',
  `name` varchar(100) NOT NULL COMMENT '产品名称（如“山东寿光有机黄瓜”）',
  `spec` varchar(100) NOT NULL COMMENT '规格（如“500g/份”“直径5-8cm”）',
  `unit` varchar(20) NOT NULL COMMENT '单位（如“kg”“箱”“个”）',
  `price` decimal(10,2) NOT NULL COMMENT '单价（元/单位）',
  `min_purchase` int NOT NULL DEFAULT '1' COMMENT '起订量（最低采购数量）',
  `stock` int NOT NULL COMMENT '可售数量',
  `production_date` date DEFAULT NULL COMMENT '生产日期/采收日期',
  `shelf_life` varchar(50) DEFAULT NULL COMMENT '保质期（如“常温7天”）',
  `production_method` varchar(50) DEFAULT NULL COMMENT '生产方式（如“有机种植”“散养”）',
  `origin_area_id` int NOT NULL COMMENT '产地（关联origin_area）',
  `description` text COMMENT '产品描述（种植过程/品质特点）',
  `status` enum('on_sale','off_sale') DEFAULT 'on_sale' COMMENT '状态：在售/下架',
  `create_time` timestamp NULL DEFAULT CURRENT_TIMESTAMP,
  `update_time` timestamp NULL DEFAULT CURRENT_TIMESTAMP ON UPDATE CURRENT_TIMESTAMP,
  PRIMARY KEY (`id`),
  KEY `fk_product_farmer` (`farmer_id`),
  KEY `fk_product_category` (`category_id`),
  KEY `fk_product_origin` (`origin_area_id`),
  KEY `idx_product_status` (`status`),
  KEY `idx_price_minpurchase` (`price`,`min_purchase`) COMMENT '按价格和起订量筛选',
  CONSTRAINT `fk_product_category` FOREIGN KEY (`category_id`) REFERENCES `product_category` (`id`) ON DELETE RESTRICT,
  CONSTRAINT `fk_product_farmer` FOREIGN KEY (`farmer_id`) REFERENCES `farmer_info` (`id`) ON DELETE CASCADE,
  CONSTRAINT `fk_product_origin` FOREIGN KEY (`origin_area_id`) REFERENCES `origin_area` (`area_id`) ON DELETE RESTRICT
) ENGINE=InnoDB DEFAULT CHARSET=utf8mb4 COLLATE=utf8mb4_0900_ai_ci COMMENT='农户发布的农副产品表';
/*!40101 SET character_set_client = @saved_cs_client */;

--
-- Dumping data for table `farmer_product`
--

LOCK TABLES `farmer_product` WRITE;
/*!40000 ALTER TABLE `farmer_product` DISABLE KEYS */;
INSERT INTO `farmer_product` VALUES (1996121339403358209,1,35,'香蕉','15cm','公斤',10.00,20,500,NULL,'','',725,'','on_sale','2025-12-03 07:36:28','2025-12-03 07:36:28'),(1996164764056080386,6,33,'大虾','5只/斤','公斤',50.00,10,300,NULL,'','',1006,'','on_sale','2025-12-03 10:29:01','2025-12-03 10:29:01'),(1996232429525192705,9,36,'冬小麦','一等品/袋','吨',2900.00,1,2000,NULL,'','',821,'','on_sale','2025-12-03 14:57:54','2025-12-03 14:57:54'),(1996232780408082434,9,40,'有机黄瓜',' 25-30cm/箱','箱',45.00,5,800,NULL,'','',1245,'','on_sale','2025-12-03 14:59:18','2025-12-03 14:59:18'),(1996233232709242882,9,44,'阳光玫瑰葡萄','1.5kg/串','箱',135.00,2,1000,NULL,'','',987,'','on_sale','2025-12-03 15:01:06','2025-12-03 15:01:06'),(1996235191730229250,39,48,'散养土鸡','2-2.5kg/只','只',90.00,10,300,NULL,'','',1312,'','on_sale','2025-12-03 15:08:53','2025-12-03 15:08:53'),(1996236240461418498,39,33,'冷冻鱿鱼','300g/只','件',65.00,20,1200,NULL,'','',789,'','on_sale','2025-12-03 15:13:03','2025-12-03 15:13:03'),(1996237289310048257,39,36,'杂交水稻','国标一级/袋','吨',3200.00,2,3000,NULL,'','',1156,'','on_sale','2025-12-03 15:17:13','2025-12-03 15:17:13'),(1996237717321994241,39,44,'突尼斯软籽石榴','500g/个','箱',90.00,5,1500,NULL,'','',1024,'','on_sale','2025-12-03 15:18:55','2025-12-03 15:18:55');
/*!40000 ALTER TABLE `farmer_product` ENABLE KEYS */;
UNLOCK TABLES;

--
-- Table structure for table `logistics_record`
--

DROP TABLE IF EXISTS `logistics_record`;
/*!40101 SET @saved_cs_client     = @@character_set_client */;
/*!50503 SET character_set_client = utf8mb4 */;
CREATE TABLE `logistics_record` (
  `id` bigint NOT NULL COMMENT '物流ID（雪花算法）',
  `order_id` bigint NOT NULL COMMENT '关联订单',
  `logistics_company` varchar(50) NOT NULL COMMENT '物流公司',
  `tracking_no` varchar(100) NOT NULL COMMENT '物流单号',
  `transport_type` varchar(50) DEFAULT NULL COMMENT '运输方式（如“冷链车”“普通货车”）',
  `departure_time` datetime DEFAULT NULL COMMENT '发货时间',
  `arrival_time` datetime DEFAULT NULL COMMENT '到货时间',
  `status` enum('pending','shipped','transit','arrived','signed') DEFAULT 'pending' COMMENT '物流状态',
  `batch_no` varchar(50) DEFAULT NULL COMMENT '批次号（区分同一订单的多批物流）',
  `create_time` timestamp NULL DEFAULT CURRENT_TIMESTAMP,
  `update_time` timestamp NULL DEFAULT CURRENT_TIMESTAMP ON UPDATE CURRENT_TIMESTAMP,
  PRIMARY KEY (`id`),
  UNIQUE KEY `order_id` (`order_id`),
  UNIQUE KEY `uk_tracking_company` (`logistics_company`,`tracking_no`),
  KEY `idx_tracking_no` (`tracking_no`),
  KEY `idx_order_id` (`order_id`),
  CONSTRAINT `fk_logistics_order` FOREIGN KEY (`order_id`) REFERENCES `purchase_order` (`id`) ON DELETE RESTRICT
) ENGINE=InnoDB DEFAULT CHARSET=utf8mb4 COLLATE=utf8mb4_0900_ai_ci COMMENT='物流记录表（批量采购）';
/*!40101 SET character_set_client = @saved_cs_client */;

--
-- Dumping data for table `logistics_record`
--

LOCK TABLES `logistics_record` WRITE;
/*!40000 ALTER TABLE `logistics_record` DISABLE KEYS */;
/*!40000 ALTER TABLE `logistics_record` ENABLE KEYS */;
UNLOCK TABLES;

--
-- Table structure for table `logistics_trace`
--

DROP TABLE IF EXISTS `logistics_trace`;
/*!40101 SET @saved_cs_client     = @@character_set_client */;
/*!50503 SET character_set_client = utf8mb4 */;
CREATE TABLE `logistics_trace` (
  `id` bigint NOT NULL COMMENT '轨迹ID（雪花算法）',
  `logistics_id` bigint NOT NULL COMMENT '关联物流记录',
  `node_time` datetime NOT NULL COMMENT '节点时间',
  `node_location` varchar(100) DEFAULT NULL COMMENT '节点地点',
  `node_desc` varchar(500) NOT NULL COMMENT '节点描述（如“【济南仓】已发出”）',
  `create_time` timestamp NULL DEFAULT CURRENT_TIMESTAMP,
  PRIMARY KEY (`id`),
  KEY `fk_trace_logistics` (`logistics_id`),
  KEY `idx_logistics_time` (`logistics_id`,`node_time`),
  CONSTRAINT `fk_trace_logistics` FOREIGN KEY (`logistics_id`) REFERENCES `logistics_record` (`id`) ON DELETE CASCADE
) ENGINE=InnoDB DEFAULT CHARSET=utf8mb4 COLLATE=utf8mb4_0900_ai_ci COMMENT='物流轨迹表';
/*!40101 SET character_set_client = @saved_cs_client */;

--
-- Dumping data for table `logistics_trace`
--

LOCK TABLES `logistics_trace` WRITE;
/*!40000 ALTER TABLE `logistics_trace` DISABLE KEYS */;
/*!40000 ALTER TABLE `logistics_trace` ENABLE KEYS */;
UNLOCK TABLES;

--
-- Table structure for table `origin_area`
--

DROP TABLE IF EXISTS `origin_area`;
/*!40101 SET @saved_cs_client     = @@character_set_client */;
/*!50503 SET character_set_client = utf8mb4 */;
CREATE TABLE `origin_area` (
  `area_id` int NOT NULL AUTO_INCREMENT COMMENT '产地ID',
  `area_code` varchar(20) NOT NULL COMMENT '行政区划代码',
  `area_name` varchar(100) NOT NULL COMMENT '产地名称（县/乡镇）',
  `province` varchar(50) NOT NULL COMMENT '省份',
  `city` varchar(50) NOT NULL COMMENT '地级市',
  `feature` text COMMENT '产地特色（如“富硒土壤”“有机种植基地”）',
  `is_poverty_area` tinyint(1) DEFAULT '0' COMMENT '是否贫困地区（1=是）',
  `create_time` timestamp NULL DEFAULT CURRENT_TIMESTAMP,
  `update_time` timestamp NULL DEFAULT CURRENT_TIMESTAMP ON UPDATE CURRENT_TIMESTAMP,
  PRIMARY KEY (`area_id`),
  UNIQUE KEY `area_code` (`area_code`),
  KEY `idx_province_city` (`province`,`city`) COMMENT '按地区筛选产地',
  KEY `idx_area_code` (`area_code`) COMMENT '按行政区划代码查询'
) ENGINE=InnoDB AUTO_INCREMENT=1747 DEFAULT CHARSET=utf8mb4 COLLATE=utf8mb4_0900_ai_ci COMMENT='农副产品产地信息表（含贫困地区标识）';
/*!40101 SET character_set_client = @saved_cs_client */;

--
-- Dumping data for table `origin_area`
--

LOCK TABLES `origin_area` WRITE;
/*!40000 ALTER TABLE `origin_area` DISABLE KEYS */;
INSERT INTO `origin_area` VALUES (723,'130125','行唐县','河北省','石家庄市',NULL,1,'2025-11-24 12:01:59','2025-11-24 12:01:59'),(724,'130223','滦县','河北省','唐山市',NULL,1,'2025-11-24 12:01:59','2025-11-24 12:01:59'),(725,'130224','滦南县','河北省','唐山市',NULL,1,'2025-11-24 12:01:59','2025-11-24 12:01:59'),(726,'130225','乐亭县','河北省','唐山市',NULL,1,'2025-11-24 12:01:59','2025-11-24 12:01:59'),(727,'130227','迁西县','河北省','唐山市',NULL,1,'2025-11-24 12:01:59','2025-11-24 12:01:59'),(728,'130228','玉田县','河北省','唐山市',NULL,1,'2025-11-24 12:01:59','2025-11-24 12:01:59'),(729,'130229','遵化市','河北省','唐山市',NULL,1,'2025-11-24 12:01:59','2025-11-24 12:01:59'),(730,'130321','青龙满族自治县','河北省','秦皇岛市',NULL,1,'2025-11-24 12:01:59','2025-11-24 12:01:59'),(731,'130322','昌黎县','河北省','秦皇岛市',NULL,1,'2025-11-24 12:01:59','2025-11-24 12:01:59'),(732,'130323','抚宁县','河北省','秦皇岛市',NULL,1,'2025-11-24 12:01:59','2025-11-24 12:01:59'),(733,'130423','临漳县','河北省','邯郸市',NULL,1,'2025-11-24 12:01:59','2025-11-24 12:01:59'),(734,'130424','成安县','河北省','邯郸市',NULL,1,'2025-11-24 12:01:59','2025-11-24 12:01:59'),(735,'130425','大名县','河北省','邯郸市',NULL,1,'2025-11-24 12:01:59','2025-11-24 12:01:59'),(736,'130426','涉县','河北省','邯郸市',NULL,1,'2025-11-24 12:01:59','2025-11-24 12:01:59'),(737,'130427','磁县','河北省','邯郸市',NULL,1,'2025-11-24 12:01:59','2025-11-24 12:01:59'),(738,'130428','肥乡县','河北省','邯郸市',NULL,1,'2025-11-24 12:01:59','2025-11-24 12:01:59'),(739,'130429','永年县','河北省','邯郸市',NULL,1,'2025-11-24 12:01:59','2025-11-24 12:01:59'),(740,'130522','临城县','河北省','邢台市',NULL,1,'2025-11-24 12:01:59','2025-11-24 12:01:59'),(741,'130523','内丘县','河北省','邢台市',NULL,1,'2025-11-24 12:01:59','2025-11-24 12:01:59'),(742,'130524','柏乡县','河北省','邢台市',NULL,1,'2025-11-24 12:01:59','2025-11-24 12:01:59'),(743,'130525','隆尧县','河北省','邢台市',NULL,1,'2025-11-24 12:01:59','2025-11-24 12:01:59'),(744,'130526','任县','河北省','邢台市',NULL,1,'2025-11-24 12:01:59','2025-11-24 12:01:59'),(745,'130623','涞水县','河北省','保定市',NULL,1,'2025-11-24 12:01:59','2025-11-24 12:01:59'),(746,'130624','阜平县','河北省','保定市',NULL,1,'2025-11-24 12:01:59','2025-11-24 12:01:59'),(747,'130625','唐县','河北省','保定市',NULL,1,'2025-11-24 12:01:59','2025-11-24 12:01:59'),(748,'130626','高阳县','河北省','保定市',NULL,1,'2025-11-24 12:01:59','2025-11-24 12:01:59'),(749,'130627','望都县','河北省','保定市',NULL,1,'2025-11-24 12:01:59','2025-11-24 12:01:59'),(750,'130628','易县','河北省','保定市',NULL,1,'2025-11-24 12:01:59','2025-11-24 12:01:59'),(751,'140121','清徐县','山西省','太原市',NULL,1,'2025-11-24 12:01:59','2025-11-24 12:01:59'),(752,'140122','阳曲县','山西省','太原市',NULL,1,'2025-11-24 12:01:59','2025-11-24 12:01:59'),(753,'140222','大同县','山西省','大同市',NULL,1,'2025-11-24 12:01:59','2025-11-24 12:01:59'),(754,'140223','天镇县','山西省','大同市',NULL,1,'2025-11-24 12:01:59','2025-11-24 12:01:59'),(755,'140225','广灵县','山西省','大同市',NULL,1,'2025-11-24 12:01:59','2025-11-24 12:01:59'),(756,'140227','灵丘县','山西省','大同市',NULL,1,'2025-11-24 12:01:59','2025-11-24 12:01:59'),(757,'140321','平定县','山西省','阳泉市',NULL,1,'2025-11-24 12:01:59','2025-11-24 12:01:59'),(758,'140322','盂县','山西省','阳泉市',NULL,1,'2025-11-24 12:01:59','2025-11-24 12:01:59'),(759,'140323','长治县','山西省','长治市',NULL,1,'2025-11-24 12:01:59','2025-11-24 12:01:59'),(760,'140324','襄垣县','山西省','长治市',NULL,1,'2025-11-24 12:01:59','2025-11-24 12:01:59'),(761,'140325','屯留县','山西省','长治市',NULL,1,'2025-11-24 12:01:59','2025-11-24 12:01:59'),(762,'140421','沁水县','山西省','晋城市',NULL,1,'2025-11-24 12:01:59','2025-11-24 12:01:59'),(763,'140422','阳城县','山西省','晋城市',NULL,1,'2025-11-24 12:01:59','2025-11-24 12:01:59'),(764,'140423','陵川县','山西省','晋城市',NULL,1,'2025-11-24 12:01:59','2025-11-24 12:01:59'),(765,'140424','泽州县','山西省','晋城市',NULL,1,'2025-11-24 12:01:59','2025-11-24 12:01:59'),(766,'140425','高平市','山西省','晋城市',NULL,1,'2025-11-24 12:01:59','2025-11-24 12:01:59'),(767,'140521','沁源县','山西省','长治市',NULL,1,'2025-11-24 12:01:59','2025-11-24 12:01:59'),(768,'140523','长子县','山西省','长治市',NULL,1,'2025-11-24 12:01:59','2025-11-24 12:01:59'),(769,'140524','壶关县','山西省','长治市',NULL,1,'2025-11-24 12:01:59','2025-11-24 12:01:59'),(770,'140525','平顺县','山西省','长治市',NULL,1,'2025-11-24 12:01:59','2025-11-24 12:01:59'),(771,'140621','左权县','山西省','晋中市',NULL,1,'2025-11-24 12:01:59','2025-11-24 12:01:59'),(772,'140622','和顺县','山西省','晋中市',NULL,1,'2025-11-24 12:01:59','2025-11-24 12:01:59'),(773,'140623','昔阳县','山西省','晋中市',NULL,1,'2025-11-24 12:01:59','2025-11-24 12:01:59'),(774,'140624','寿阳县','山西省','晋中市',NULL,1,'2025-11-24 12:01:59','2025-11-24 12:01:59'),(775,'140625','太谷县','山西省','晋中市',NULL,1,'2025-11-24 12:01:59','2025-11-24 12:01:59'),(776,'140721','右玉县','山西省','朔州市',NULL,1,'2025-11-24 12:01:59','2025-11-24 12:01:59'),(777,'140722','怀仁县','山西省','朔州市',NULL,1,'2025-11-24 12:01:59','2025-11-24 12:01:59'),(778,'140723','应县','山西省','朔州市',NULL,1,'2025-11-24 12:01:59','2025-11-24 12:01:59'),(779,'140724','山阴县','山西省','朔州市',NULL,1,'2025-11-24 12:01:59','2025-11-24 12:01:59'),(780,'140725','平鲁区','山西省','朔州市',NULL,1,'2025-11-24 12:01:59','2025-11-24 12:01:59'),(781,'140821','临猗县','山西省','运城市',NULL,1,'2025-11-24 12:01:59','2025-11-24 12:01:59'),(782,'140822','万荣县','山西省','运城市',NULL,1,'2025-11-24 12:01:59','2025-11-24 12:01:59'),(783,'140823','闻喜县','山西省','运城市',NULL,1,'2025-11-24 12:01:59','2025-11-24 12:01:59'),(784,'140825','稷山县','山西省','运城市',NULL,1,'2025-11-24 12:01:59','2025-11-24 12:01:59'),(785,'140921','代县','山西省','忻州市',NULL,1,'2025-11-24 12:01:59','2025-11-24 12:01:59'),(786,'140922','繁峙县','山西省','忻州市',NULL,1,'2025-11-24 12:01:59','2025-11-24 12:01:59'),(787,'141021','安泽县','山西省','临汾市',NULL,1,'2025-11-24 12:01:59','2025-11-24 12:01:59'),(788,'150121','土默特左旗','内蒙古自治区','呼和浩特市',NULL,1,'2025-11-24 12:01:59','2025-11-24 12:01:59'),(789,'150122','托克托县','内蒙古自治区','呼和浩特市',NULL,1,'2025-11-24 12:01:59','2025-11-24 12:01:59'),(790,'150123','和林格尔县','内蒙古自治区','呼和浩特市',NULL,1,'2025-11-24 12:01:59','2025-11-24 12:01:59'),(791,'150221','土默特右旗','内蒙古自治区','包头市',NULL,1,'2025-11-24 12:01:59','2025-11-24 12:01:59'),(792,'150222','固阳县','内蒙古自治区','包头市',NULL,1,'2025-11-24 12:01:59','2025-11-24 12:01:59'),(793,'150223','达尔罕茂明安联合旗','内蒙古自治区','包头市',NULL,1,'2025-11-24 12:01:59','2025-11-24 12:01:59'),(794,'150224','东河区','内蒙古自治区','包头市',NULL,1,'2025-11-24 12:01:59','2025-11-24 12:01:59'),(795,'150225','九原区','内蒙古自治区','包头市',NULL,1,'2025-11-24 12:01:59','2025-11-24 12:01:59'),(796,'150321','扎兰屯市','内蒙古自治区','呼伦贝尔市',NULL,1,'2025-11-24 12:01:59','2025-11-24 12:01:59'),(797,'150322','阿荣旗','内蒙古自治区','呼伦贝尔市',NULL,1,'2025-11-24 12:01:59','2025-11-24 12:01:59'),(798,'150323','莫力达瓦达斡尔族自治旗','内蒙古自治区','呼伦贝尔市',NULL,1,'2025-11-24 12:01:59','2025-11-24 12:01:59'),(799,'150422','林西县','内蒙古自治区','赤峰市',NULL,1,'2025-11-24 12:01:59','2025-11-24 12:01:59'),(800,'150423','宁城县','内蒙古自治区','赤峰市',NULL,1,'2025-11-24 12:01:59','2025-11-24 12:01:59'),(801,'150425','喀喇沁旗','内蒙古自治区','赤峰市',NULL,1,'2025-11-24 12:01:59','2025-11-24 12:01:59'),(802,'150426','巴林左旗','内蒙古自治区','赤峰市',NULL,1,'2025-11-24 12:01:59','2025-11-24 12:01:59'),(803,'150428','敖汉旗','内蒙古自治区','赤峰市',NULL,1,'2025-11-24 12:01:59','2025-11-24 12:01:59'),(804,'150521','科尔沁左翼中旗','内蒙古自治区','通辽市',NULL,1,'2025-11-24 12:01:59','2025-11-24 12:01:59'),(805,'150522','科尔沁左翼后旗','内蒙古自治区','通辽市',NULL,1,'2025-11-24 12:01:59','2025-11-24 12:01:59'),(806,'150523','开鲁县','内蒙古自治区','通辽市',NULL,1,'2025-11-24 12:01:59','2025-11-24 12:01:59'),(807,'150524','库伦旗','内蒙古自治区','通辽市',NULL,1,'2025-11-24 12:01:59','2025-11-24 12:01:59'),(808,'150525','奈曼旗','内蒙古自治区','通辽市',NULL,1,'2025-11-24 12:01:59','2025-11-24 12:01:59'),(809,'150621','东胜区','内蒙古自治区','鄂尔多斯市',NULL,1,'2025-11-24 12:01:59','2025-11-24 12:01:59'),(810,'150622','达拉特旗','内蒙古自治区','鄂尔多斯市',NULL,1,'2025-11-24 12:01:59','2025-11-24 12:01:59'),(811,'150623','准格尔旗','内蒙古自治区','鄂尔多斯市',NULL,1,'2025-11-24 12:01:59','2025-11-24 12:01:59'),(812,'150721','海拉尔区','内蒙古自治区','呼伦贝尔市',NULL,1,'2025-11-24 12:01:59','2025-11-24 12:01:59'),(813,'150722','满洲里市','内蒙古自治区','呼伦贝尔市',NULL,1,'2025-11-24 12:01:59','2025-11-24 12:01:59'),(814,'150723','牙克石市','内蒙古自治区','呼伦贝尔市',NULL,1,'2025-11-24 12:01:59','2025-11-24 12:01:59'),(815,'150821','乌兰浩特市','内蒙古自治区','兴安盟',NULL,1,'2025-11-24 12:01:59','2025-11-24 12:01:59'),(816,'150822','阿尔山市','内蒙古自治区','兴安盟',NULL,1,'2025-11-24 12:01:59','2025-11-24 12:01:59'),(817,'150823','科尔沁右翼前旗','内蒙古自治区','兴安盟',NULL,1,'2025-11-24 12:01:59','2025-11-24 12:01:59'),(818,'150921','丰镇市','内蒙古自治区','乌兰察布市',NULL,1,'2025-11-24 12:01:59','2025-11-24 12:01:59'),(819,'150922','卓资县','内蒙古自治区','乌兰察布市',NULL,1,'2025-11-24 12:01:59','2025-11-24 12:01:59'),(820,'150923','化德县','内蒙古自治区','乌兰察布市',NULL,1,'2025-11-24 12:01:59','2025-11-24 12:01:59'),(821,'150924','商都县','内蒙古自治区','乌兰察布市',NULL,1,'2025-11-24 12:01:59','2025-11-24 12:01:59'),(822,'150925','兴和县','内蒙古自治区','乌兰察布市',NULL,1,'2025-11-24 12:01:59','2025-11-24 12:01:59'),(823,'150926','凉城县','内蒙古自治区','乌兰察布市',NULL,1,'2025-11-24 12:01:59','2025-11-24 12:01:59'),(824,'220122','农安县','吉林省','长春市',NULL,1,'2025-11-24 12:01:59','2025-11-24 12:01:59'),(825,'220221','永吉县','吉林省','吉林市',NULL,1,'2025-11-24 12:01:59','2025-11-24 12:01:59'),(826,'220322','梨树县','吉林省','四平市',NULL,1,'2025-11-24 12:01:59','2025-11-24 12:01:59'),(827,'220421','伊通满族自治县','吉林省','四平市',NULL,1,'2025-11-24 12:01:59','2025-11-24 12:01:59'),(828,'220622','靖宇县','吉林省','白山市',NULL,1,'2025-11-24 12:01:59','2025-11-24 12:01:59'),(829,'230125','延寿县','黑龙江省','哈尔滨市',NULL,1,'2025-11-24 12:01:59','2025-11-24 12:01:59'),(830,'230224','龙江县','黑龙江省','齐齐哈尔市',NULL,1,'2025-11-24 12:01:59','2025-11-24 12:01:59'),(831,'230225','泰来县','黑龙江省','齐齐哈尔市',NULL,1,'2025-11-24 12:01:59','2025-11-24 12:01:59'),(832,'230321','甘南县','黑龙江省','齐齐哈尔市',NULL,1,'2025-11-24 12:01:59','2025-11-24 12:01:59'),(833,'230322','富裕县','黑龙江省','齐齐哈尔市',NULL,1,'2025-11-24 12:01:59','2025-11-24 12:01:59'),(834,'230421','林甸县','黑龙江省','大庆市',NULL,1,'2025-11-24 12:01:59','2025-11-24 12:01:59'),(835,'230422','杜尔伯特蒙古族自治县','黑龙江省','大庆市',NULL,1,'2025-11-24 12:01:59','2025-11-24 12:01:59'),(836,'230521','桦南县','黑龙江省','佳木斯市',NULL,1,'2025-11-24 12:01:59','2025-11-24 12:01:59'),(837,'230522','桦川县','黑龙江省','佳木斯市',NULL,1,'2025-11-24 12:01:59','2025-11-24 12:01:59'),(838,'230621','汤原县','黑龙江省','佳木斯市',NULL,1,'2025-11-24 12:01:59','2025-11-24 12:01:59'),(839,'230722','同江市','黑龙江省','佳木斯市',NULL,1,'2025-11-24 12:01:59','2025-11-24 12:01:59'),(840,'230822','抚远市','黑龙江省','佳木斯市',NULL,1,'2025-11-24 12:01:59','2025-11-24 12:01:59'),(841,'230921','兰西县','黑龙江省','绥化市',NULL,1,'2025-11-24 12:01:59','2025-11-24 12:01:59'),(842,'231024','饶河县','黑龙江省','双鸭山市',NULL,1,'2025-11-24 12:01:59','2025-11-24 12:01:59'),(843,'340124','长丰县','安徽省','合肥市',NULL,1,'2025-11-24 12:01:59','2025-11-24 12:01:59'),(844,'340125','肥东县','安徽省','合肥市',NULL,1,'2025-11-24 12:01:59','2025-11-24 12:01:59'),(845,'340221','芜湖县','安徽省','芜湖市',NULL,1,'2025-11-24 12:01:59','2025-11-24 12:01:59'),(846,'340222','繁昌县','安徽省','芜湖市',NULL,1,'2025-11-24 12:01:59','2025-11-24 12:01:59'),(847,'340223','南陵县','安徽省','芜湖市',NULL,1,'2025-11-24 12:01:59','2025-11-24 12:01:59'),(848,'340321','怀远县','安徽省','蚌埠市',NULL,1,'2025-11-24 12:01:59','2025-11-24 12:01:59'),(849,'340322','五河县','安徽省','蚌埠市',NULL,1,'2025-11-24 12:01:59','2025-11-24 12:01:59'),(850,'340621','濉溪县','安徽省','淮北市',NULL,1,'2025-11-24 12:01:59','2025-11-24 12:01:59'),(851,'340622','砀山县','安徽省','宿州市',NULL,1,'2025-11-24 12:01:59','2025-11-24 12:01:59'),(852,'340623','萧县','安徽省','宿州市',NULL,1,'2025-11-24 12:01:59','2025-11-24 12:01:59'),(853,'340721','铜陵县','安徽省','铜陵市',NULL,1,'2025-11-24 12:01:59','2025-11-24 12:01:59'),(854,'340722','青阳县','安徽省','池州市',NULL,1,'2025-11-24 12:01:59','2025-11-24 12:01:59'),(855,'340822','怀宁县','安徽省','安庆市',NULL,1,'2025-11-24 12:01:59','2025-11-24 12:01:59'),(856,'340823','枞阳县','安徽省','安庆市',NULL,1,'2025-11-24 12:01:59','2025-11-24 12:01:59'),(857,'341021','歙县','安徽省','黄山市',NULL,1,'2025-11-24 12:01:59','2025-11-24 12:01:59'),(858,'341022','休宁县','安徽省','黄山市',NULL,1,'2025-11-24 12:01:59','2025-11-24 12:01:59'),(859,'341121','凤阳县','安徽省','滁州市',NULL,1,'2025-11-24 12:01:59','2025-11-24 12:01:59'),(860,'341122','定远县','安徽省','滁州市',NULL,1,'2025-11-24 12:01:59','2025-11-24 12:01:59'),(861,'360121','南昌县','江西省','南昌市',NULL,1,'2025-11-24 12:01:59','2025-11-24 12:01:59'),(862,'360122','新建县','江西省','南昌市',NULL,1,'2025-11-24 12:01:59','2025-11-24 12:01:59'),(863,'360222','浮梁县','江西省','景德镇市',NULL,1,'2025-11-24 12:01:59','2025-11-24 12:01:59'),(864,'360321','安源区','江西省','萍乡市',NULL,1,'2025-11-24 12:01:59','2025-11-24 12:01:59'),(865,'360322','莲花县','江西省','萍乡市',NULL,1,'2025-11-24 12:01:59','2025-11-24 12:01:59'),(866,'360423','修水县','江西省','九江市',NULL,1,'2025-11-24 12:01:59','2025-11-24 12:01:59'),(867,'360424','武宁县','江西省','九江市',NULL,1,'2025-11-24 12:01:59','2025-11-24 12:01:59'),(868,'360425','永修县','江西省','九江市',NULL,1,'2025-11-24 12:01:59','2025-11-24 12:01:59'),(869,'360426','德安县','江西省','九江市',NULL,1,'2025-11-24 12:01:59','2025-11-24 12:01:59'),(870,'360521','吉安县','江西省','吉安市',NULL,1,'2025-11-24 12:01:59','2025-11-24 12:01:59'),(871,'360523','吉水县','江西省','吉安市',NULL,1,'2025-11-24 12:01:59','2025-11-24 12:01:59'),(872,'360622','余江县','江西省','鹰潭市',NULL,1,'2025-11-24 12:01:59','2025-11-24 12:01:59'),(873,'360623','贵溪市','江西省','鹰潭市',NULL,1,'2025-11-24 12:01:59','2025-11-24 12:01:59'),(874,'360624','余干县','江西省','上饶市',NULL,1,'2025-11-24 12:01:59','2025-11-24 12:01:59'),(875,'360722','赣县','江西省','赣州市',NULL,1,'2025-11-24 12:01:59','2025-11-24 12:01:59'),(876,'360723','信丰县','江西省','赣州市',NULL,1,'2025-11-24 12:01:59','2025-11-24 12:01:59'),(877,'360724','大余县','江西省','赣州市',NULL,1,'2025-11-24 12:01:59','2025-11-24 12:01:59'),(878,'360725','上犹县','江西省','赣州市',NULL,1,'2025-11-24 12:01:59','2025-11-24 12:01:59'),(879,'360726','崇义县','江西省','赣州市',NULL,1,'2025-11-24 12:01:59','2025-11-24 12:01:59'),(880,'360727','安远县','江西省','赣州市',NULL,1,'2025-11-24 12:01:59','2025-11-24 12:01:59'),(881,'360728','龙南县','江西省','赣州市',NULL,1,'2025-11-24 12:01:59','2025-11-24 12:01:59'),(882,'360729','定南县','江西省','赣州市',NULL,1,'2025-11-24 12:01:59','2025-11-24 12:01:59'),(883,'360730','全南县','江西省','赣州市',NULL,1,'2025-11-24 12:01:59','2025-11-24 12:01:59'),(884,'360731','宁都县','江西省','赣州市',NULL,1,'2025-11-24 12:01:59','2025-11-24 12:01:59'),(885,'360732','于都县','江西省','赣州市',NULL,1,'2025-11-24 12:01:59','2025-11-24 12:01:59'),(886,'360821','吉安市吉州区','江西省','吉安市',NULL,1,'2025-11-24 12:01:59','2025-11-24 12:01:59'),(887,'410122','中牟县','河南省','郑州市',NULL,1,'2025-11-24 12:01:59','2025-11-24 12:01:59'),(888,'410123','巩义市','河南省','郑州市',NULL,1,'2025-11-24 12:01:59','2025-11-24 12:01:59'),(889,'410221','杞县','河南省','开封市',NULL,1,'2025-11-24 12:01:59','2025-11-24 12:01:59'),(890,'410222','通许县','河南省','开封市',NULL,1,'2025-11-24 12:01:59','2025-11-24 12:01:59'),(891,'410223','尉氏县','河南省','开封市',NULL,1,'2025-11-24 12:01:59','2025-11-24 12:01:59'),(892,'410321','栾川县','河南省','洛阳市',NULL,1,'2025-11-24 12:01:59','2025-11-24 12:01:59'),(893,'410322','嵩县','河南省','洛阳市',NULL,1,'2025-11-24 12:01:59','2025-11-24 12:01:59'),(894,'410323','汝阳县','河南省','洛阳市',NULL,1,'2025-11-24 12:01:59','2025-11-24 12:01:59'),(895,'410324','宜阳县','河南省','洛阳市',NULL,1,'2025-11-24 12:01:59','2025-11-24 12:01:59'),(896,'410325','洛宁县','河南省','洛阳市',NULL,1,'2025-11-24 12:01:59','2025-11-24 12:01:59'),(897,'410421','宝丰县','河南省','平顶山市',NULL,1,'2025-11-24 12:01:59','2025-11-24 12:01:59'),(898,'410422','叶县','河南省','平顶山市',NULL,1,'2025-11-24 12:01:59','2025-11-24 12:01:59'),(899,'410423','鲁山县','河南省','平顶山市',NULL,1,'2025-11-24 12:01:59','2025-11-24 12:01:59'),(900,'410425','郏县','河南省','平顶山市',NULL,1,'2025-11-24 12:01:59','2025-11-24 12:01:59'),(901,'410521','安阳县','河南省','安阳市',NULL,1,'2025-11-24 12:01:59','2025-11-24 12:01:59'),(902,'410522','汤阴县','河南省','安阳市',NULL,1,'2025-11-24 12:01:59','2025-11-24 12:01:59'),(903,'410523','滑县','河南省','安阳市',NULL,1,'2025-11-24 12:01:59','2025-11-24 12:01:59'),(904,'410526','内黄县','河南省','安阳市',NULL,1,'2025-11-24 12:01:59','2025-11-24 12:01:59'),(905,'410621','浚县','河南省','鹤壁市',NULL,1,'2025-11-24 12:01:59','2025-11-24 12:01:59'),(906,'410622','淇县','河南省','鹤壁市',NULL,1,'2025-11-24 12:01:59','2025-11-24 12:01:59'),(907,'410623','淇滨区','河南省','鹤壁市',NULL,1,'2025-11-24 12:01:59','2025-11-24 12:01:59'),(908,'410721','新乡县','河南省','新乡市',NULL,1,'2025-11-24 12:01:59','2025-11-24 12:01:59'),(909,'410722','获嘉县','河南省','新乡市',NULL,1,'2025-11-24 12:01:59','2025-11-24 12:01:59'),(910,'410723','原阳县','河南省','新乡市',NULL,1,'2025-11-24 12:01:59','2025-11-24 12:01:59'),(911,'410724','延津县','河南省','新乡市',NULL,1,'2025-11-24 12:01:59','2025-11-24 12:01:59'),(912,'410725','封丘县','河南省','新乡市',NULL,1,'2025-11-24 12:01:59','2025-11-24 12:01:59'),(913,'410821','修武县','河南省','焦作市',NULL,1,'2025-11-24 12:01:59','2025-11-24 12:01:59'),(914,'410822','博爱县','河南省','焦作市',NULL,1,'2025-11-24 12:01:59','2025-11-24 12:01:59'),(915,'410823','武陟县','河南省','焦作市',NULL,1,'2025-11-24 12:01:59','2025-11-24 12:01:59'),(916,'410825','温县','河南省','焦作市',NULL,1,'2025-11-24 12:01:59','2025-11-24 12:01:59'),(917,'410921','清丰县','河南省','濮阳市',NULL,1,'2025-11-24 12:01:59','2025-11-24 12:01:59'),(918,'410922','南乐县','河南省','濮阳市',NULL,1,'2025-11-24 12:01:59','2025-11-24 12:01:59'),(919,'410923','范县','河南省','濮阳市',NULL,1,'2025-11-24 12:01:59','2025-11-24 12:01:59'),(920,'411021','临颍县','河南省','漯河市',NULL,1,'2025-11-24 12:01:59','2025-11-24 12:01:59'),(921,'411023','舞阳县','河南省','漯河市',NULL,1,'2025-11-24 12:01:59','2025-11-24 12:01:59'),(922,'411121','临泉县','河南省','阜阳市',NULL,1,'2025-11-24 12:01:59','2025-11-24 12:01:59'),(923,'411122','太和县','河南省','阜阳市',NULL,1,'2025-11-24 12:01:59','2025-11-24 12:01:59'),(924,'411123','阜南县','河南省','阜阳市',NULL,1,'2025-11-24 12:01:59','2025-11-24 12:01:59'),(925,'411321','南召县','河南省','南阳市',NULL,1,'2025-11-24 12:01:59','2025-11-24 12:01:59'),(926,'420122','黄陂区','湖北省','武汉市',NULL,1,'2025-11-24 12:01:59','2025-11-24 12:01:59'),(927,'420123','新洲区','湖北省','武汉市',NULL,1,'2025-11-24 12:01:59','2025-11-24 12:01:59'),(928,'420221','大冶市','湖北省','黄石市',NULL,1,'2025-11-24 12:01:59','2025-11-24 12:01:59'),(929,'420222','阳新县','湖北省','黄石市',NULL,1,'2025-11-24 12:01:59','2025-11-24 12:01:59'),(930,'420321','郧阳区','湖北省','十堰市',NULL,1,'2025-11-24 12:01:59','2025-11-24 12:01:59'),(931,'420322','郧西县','湖北省','十堰市',NULL,1,'2025-11-24 12:01:59','2025-11-24 12:01:59'),(932,'420323','竹山县','湖北省','十堰市',NULL,1,'2025-11-24 12:01:59','2025-11-24 12:01:59'),(933,'420521','远安县','湖北省','宜昌市',NULL,1,'2025-11-24 12:01:59','2025-11-24 12:01:59'),(934,'420522','兴山县','湖北省','宜昌市',NULL,1,'2025-11-24 12:01:59','2025-11-24 12:01:59'),(935,'420523','秭归县','湖北省','宜昌市',NULL,1,'2025-11-24 12:01:59','2025-11-24 12:01:59'),(936,'420524','长阳县','湖北省','宜昌市',NULL,1,'2025-11-24 12:01:59','2025-11-24 12:01:59'),(937,'420621','襄州区','湖北省','襄阳市',NULL,1,'2025-11-24 12:01:59','2025-11-24 12:01:59'),(938,'420622','南漳县','湖北省','襄阳市',NULL,1,'2025-11-24 12:01:59','2025-11-24 12:01:59'),(939,'420623','谷城县','湖北省','襄阳市',NULL,1,'2025-11-24 12:01:59','2025-11-24 12:01:59'),(940,'420721','鄂城区','湖北省','鄂州市',NULL,1,'2025-11-24 12:01:59','2025-11-24 12:01:59'),(941,'420722','梁子湖区','湖北省','鄂州市',NULL,1,'2025-11-24 12:01:59','2025-11-24 12:01:59'),(942,'420821','沙洋县','湖北省','荆门市',NULL,1,'2025-11-24 12:01:59','2025-11-24 12:01:59'),(943,'420822','钟祥市','湖北省','荆门市',NULL,1,'2025-11-24 12:01:59','2025-11-24 12:01:59'),(944,'420823','京山市','湖北省','荆门市',NULL,1,'2025-11-24 12:01:59','2025-11-24 12:01:59'),(945,'420921','孝南区','湖北省','孝感市',NULL,1,'2025-11-24 12:01:59','2025-11-24 12:01:59'),(946,'420922','孝昌县','湖北省','孝感市',NULL,1,'2025-11-24 12:01:59','2025-11-24 12:01:59'),(947,'420923','大悟县','湖北省','孝感市',NULL,1,'2025-11-24 12:01:59','2025-11-24 12:01:59'),(948,'421022','公安县','湖北省','荆州市',NULL,1,'2025-11-24 12:01:59','2025-11-24 12:01:59'),(949,'421023','监利市','湖北省','荆州市',NULL,1,'2025-11-24 12:01:59','2025-11-24 12:01:59'),(950,'421121','团风县','湖北省','黄冈市',NULL,1,'2025-11-24 12:01:59','2025-11-24 12:01:59'),(951,'421122','红安县','湖北省','黄冈市',NULL,1,'2025-11-24 12:01:59','2025-11-24 12:01:59'),(952,'421123','罗田县','湖北省','黄冈市',NULL,1,'2025-11-24 12:01:59','2025-11-24 12:01:59'),(953,'421221','咸安区','湖北省','咸宁市',NULL,1,'2025-11-24 12:01:59','2025-11-24 12:01:59'),(954,'421321','随县','湖北省','随州市',NULL,1,'2025-11-24 12:01:59','2025-11-24 12:01:59'),(955,'430124','宁乡市','湖南省','长沙市',NULL,1,'2025-11-24 12:01:59','2025-11-24 12:01:59'),(956,'430125','浏阳市','湖南省','长沙市',NULL,1,'2025-11-24 12:01:59','2025-11-24 12:01:59'),(957,'430221','株洲县','湖南省','株洲市',NULL,1,'2025-11-24 12:01:59','2025-11-24 12:01:59'),(958,'430223','攸县','湖南省','株洲市',NULL,1,'2025-11-24 12:01:59','2025-11-24 12:01:59'),(959,'430321','湘潭县','湖南省','湘潭市',NULL,1,'2025-11-24 12:01:59','2025-11-24 12:01:59'),(960,'430322','湘乡市','湖南省','湘潭市',NULL,1,'2025-11-24 12:01:59','2025-11-24 12:01:59'),(961,'430421','衡阳县','湖南省','衡阳市',NULL,1,'2025-11-24 12:01:59','2025-11-24 12:01:59'),(962,'430422','衡南县','湖南省','衡阳市',NULL,1,'2025-11-24 12:01:59','2025-11-24 12:01:59'),(963,'430423','衡山县','湖南省','衡阳市',NULL,1,'2025-11-24 12:01:59','2025-11-24 12:01:59'),(964,'430424','衡东县','湖南省','衡阳市',NULL,1,'2025-11-24 12:01:59','2025-11-24 12:01:59'),(965,'430521','邵东县','湖南省','邵阳市',NULL,1,'2025-11-24 12:01:59','2025-11-24 12:01:59'),(966,'430522','新邵县','湖南省','邵阳市',NULL,1,'2025-11-24 12:01:59','2025-11-24 12:01:59'),(967,'430523','邵阳县','湖南省','邵阳市',NULL,1,'2025-11-24 12:01:59','2025-11-24 12:01:59'),(968,'430524','隆回县','湖南省','邵阳市',NULL,1,'2025-11-24 12:01:59','2025-11-24 12:01:59'),(969,'430621','岳阳县','湖南省','岳阳市',NULL,1,'2025-11-24 12:01:59','2025-11-24 12:01:59'),(970,'430622','华容县','湖南省','岳阳市',NULL,1,'2025-11-24 12:01:59','2025-11-24 12:01:59'),(971,'430623','湘阴县','湖南省','岳阳市',NULL,1,'2025-11-24 12:01:59','2025-11-24 12:01:59'),(972,'430721','鼎城区','湖南省','常德市',NULL,1,'2025-11-24 12:01:59','2025-11-24 12:01:59'),(973,'430722','安乡县','湖南省','常德市',NULL,1,'2025-11-24 12:01:59','2025-11-24 12:01:59'),(974,'430723','汉寿县','湖南省','常德市',NULL,1,'2025-11-24 12:01:59','2025-11-24 12:01:59'),(975,'430821','慈利县','湖南省','张家界市',NULL,1,'2025-11-24 12:01:59','2025-11-24 12:01:59'),(976,'430822','桑植县','湖南省','张家界市',NULL,1,'2025-11-24 12:01:59','2025-11-24 12:01:59'),(977,'430823','永定区','湖南省','张家界市',NULL,1,'2025-11-24 12:01:59','2025-11-24 12:01:59'),(978,'430824','武陵源区','湖南省','张家界市',NULL,1,'2025-11-24 12:01:59','2025-11-24 12:01:59'),(979,'430921','安化县','湖南省','益阳市',NULL,1,'2025-11-24 12:01:59','2025-11-24 12:01:59'),(980,'430922','桃江县','湖南省','益阳市',NULL,1,'2025-11-24 12:01:59','2025-11-24 12:01:59'),(981,'430923','南县','湖南省','益阳市',NULL,1,'2025-11-24 12:01:59','2025-11-24 12:01:59'),(982,'431021','郴州市北湖区','湖南省','郴州市',NULL,1,'2025-11-24 12:01:59','2025-11-24 12:01:59'),(983,'431022','郴州市苏仙区','湖南省','郴州市',NULL,1,'2025-11-24 12:01:59','2025-11-24 12:01:59'),(984,'431023','桂阳县','湖南省','郴州市',NULL,1,'2025-11-24 12:01:59','2025-11-24 12:01:59'),(985,'431121','祁阳县','湖南省','永州市',NULL,1,'2025-11-24 12:01:59','2025-11-24 12:01:59'),(986,'431122','东安县','湖南省','永州市',NULL,1,'2025-11-24 12:01:59','2025-11-24 12:01:59'),(987,'431123','双牌县','湖南省','永州市',NULL,1,'2025-11-24 12:01:59','2025-11-24 12:01:59'),(988,'431124','道县','湖南省','永州市',NULL,1,'2025-11-24 12:01:59','2025-11-24 12:01:59'),(989,'431221','中方县','湖南省','怀化市',NULL,1,'2025-11-24 12:01:59','2025-11-24 12:01:59'),(990,'431222','沅陵县','湖南省','怀化市',NULL,1,'2025-11-24 12:01:59','2025-11-24 12:01:59'),(991,'431223','辰溪县','湖南省','怀化市',NULL,1,'2025-11-24 12:01:59','2025-11-24 12:01:59'),(992,'431224','溆浦县','湖南省','怀化市',NULL,1,'2025-11-24 12:01:59','2025-11-24 12:01:59'),(993,'431321','涟源市','湖南省','娄底市',NULL,1,'2025-11-24 12:01:59','2025-11-24 12:01:59'),(994,'431322','双峰县','湖南省','娄底市',NULL,1,'2025-11-24 12:01:59','2025-11-24 12:01:59'),(995,'431323','新化县','湖南省','娄底市',NULL,1,'2025-11-24 12:01:59','2025-11-24 12:01:59'),(996,'431324','冷水江市','湖南省','娄底市',NULL,1,'2025-11-24 12:01:59','2025-11-24 12:01:59'),(997,'440229','乳源瑶族自治县','广东省','韶关市',NULL,1,'2025-11-24 12:01:59','2025-11-24 12:01:59'),(998,'440232','乐昌市','广东省','韶关市',NULL,1,'2025-11-24 12:01:59','2025-11-24 12:01:59'),(999,'440329','龙门县','广东省','惠州市',NULL,1,'2025-11-24 12:01:59','2025-11-24 12:01:59'),(1000,'440523','南澳县','广东省','汕头市',NULL,1,'2025-11-24 12:01:59','2025-11-24 12:01:59'),(1001,'440621','顺德区','广东省','佛山市',NULL,1,'2025-11-24 12:01:59','2025-11-24 12:01:59'),(1002,'440721','台山市','广东省','江门市',NULL,1,'2025-11-24 12:01:59','2025-11-24 12:01:59'),(1003,'440823','遂溪县','广东省','湛江市',NULL,1,'2025-11-24 12:01:59','2025-11-24 12:01:59'),(1004,'440923','信宜市','广东省','茂名市',NULL,1,'2025-11-24 12:01:59','2025-11-24 12:01:59'),(1005,'441224','怀集县','广东省','肇庆市',NULL,1,'2025-11-24 12:01:59','2025-11-24 12:01:59'),(1006,'441423','平远县','广东省','梅州市',NULL,1,'2025-11-24 12:01:59','2025-11-24 12:01:59'),(1007,'441622','龙川县','广东省','河源市',NULL,1,'2025-11-24 12:01:59','2025-11-24 12:01:59'),(1008,'441721','阳西县','广东省','阳江市',NULL,1,'2025-11-24 12:01:59','2025-11-24 12:01:59'),(1009,'441823','阳山县','广东省','清远市',NULL,1,'2025-11-24 12:01:59','2025-11-24 12:01:59'),(1010,'445222','揭西县','广东省','揭阳市',NULL,1,'2025-11-24 12:01:59','2025-11-24 12:01:59'),(1011,'450122','武鸣区','广西壮族自治区','南宁市',NULL,1,'2025-11-24 12:01:59','2025-11-24 12:01:59'),(1012,'450123','隆安县','广西壮族自治区','南宁市',NULL,1,'2025-11-24 12:01:59','2025-11-24 12:01:59'),(1013,'450221','柳江区','广西壮族自治区','柳州市',NULL,1,'2025-11-24 12:01:59','2025-11-24 12:01:59'),(1014,'450222','柳城县','广西壮族自治区','柳州市',NULL,1,'2025-11-24 12:01:59','2025-11-24 12:01:59'),(1015,'450223','鹿寨县','广西壮族自治区','柳州市',NULL,1,'2025-11-24 12:01:59','2025-11-24 12:01:59'),(1016,'450224','融安县','广西壮族自治区','柳州市',NULL,1,'2025-11-24 12:01:59','2025-11-24 12:01:59'),(1017,'450225','融水苗族自治县','广西壮族自治区','柳州市',NULL,1,'2025-11-24 12:01:59','2025-11-24 12:01:59'),(1018,'450321','临桂区','广西壮族自治区','桂林市',NULL,1,'2025-11-24 12:01:59','2025-11-24 12:01:59'),(1019,'450322','阳朔县','广西壮族自治区','桂林市',NULL,1,'2025-11-24 12:01:59','2025-11-24 12:01:59'),(1020,'450323','灵川县','广西壮族自治区','桂林市',NULL,1,'2025-11-24 12:01:59','2025-11-24 12:01:59'),(1021,'450324','全州县','广西壮族自治区','桂林市',NULL,1,'2025-11-24 12:01:59','2025-11-24 12:01:59'),(1022,'450325','兴安县','广西壮族自治区','桂林市',NULL,1,'2025-11-24 12:01:59','2025-11-24 12:01:59'),(1023,'450421','平南县','广西壮族自治区','贵港市',NULL,1,'2025-11-24 12:01:59','2025-11-24 12:01:59'),(1024,'450422','桂平市','广西壮族自治区','贵港市',NULL,1,'2025-11-24 12:01:59','2025-11-24 12:01:59'),(1025,'450423','港北区','广西壮族自治区','贵港市',NULL,1,'2025-11-24 12:01:59','2025-11-24 12:01:59'),(1026,'450424','港南区','广西壮族自治区','贵港市',NULL,1,'2025-11-24 12:01:59','2025-11-24 12:01:59'),(1027,'450425','覃塘区','广西壮族自治区','贵港市',NULL,1,'2025-11-24 12:01:59','2025-11-24 12:01:59'),(1028,'450521','合浦县','广西壮族自治区','北海市',NULL,1,'2025-11-24 12:01:59','2025-11-24 12:01:59'),(1029,'450522','海城区','广西壮族自治区','北海市',NULL,1,'2025-11-24 12:01:59','2025-11-24 12:01:59'),(1030,'450621','防城区','广西壮族自治区','防城港市',NULL,1,'2025-11-24 12:01:59','2025-11-24 12:01:59'),(1031,'450623','上思县','广西壮族自治区','防城港市',NULL,1,'2025-11-24 12:01:59','2025-11-24 12:01:59'),(1032,'450721','钦南区','广西壮族自治区','钦州市',NULL,1,'2025-11-24 12:01:59','2025-11-24 12:01:59'),(1033,'450722','钦北区','广西壮族自治区','钦州市',NULL,1,'2025-11-24 12:01:59','2025-11-24 12:01:59'),(1034,'450723','灵山县','广西壮族自治区','钦州市',NULL,1,'2025-11-24 12:01:59','2025-11-24 12:01:59'),(1035,'450724','浦北县','广西壮族自治区','钦州市',NULL,1,'2025-11-24 12:01:59','2025-11-24 12:01:59'),(1036,'450821','玉州区','广西壮族自治区','玉林市',NULL,1,'2025-11-24 12:01:59','2025-11-24 12:01:59'),(1037,'450822','容县','广西壮族自治区','玉林市',NULL,1,'2025-11-24 12:01:59','2025-11-24 12:01:59'),(1038,'450823','陆川县','广西壮族自治区','玉林市',NULL,1,'2025-11-24 12:01:59','2025-11-24 12:01:59'),(1039,'450824','博白县','广西壮族自治区','玉林市',NULL,1,'2025-11-24 12:01:59','2025-11-24 12:01:59'),(1040,'450825','兴业县','广西壮族自治区','玉林市',NULL,1,'2025-11-24 12:01:59','2025-11-24 12:01:59'),(1041,'450921','右江区','广西壮族自治区','百色市',NULL,1,'2025-11-24 12:01:59','2025-11-24 12:01:59'),(1042,'450922','田阳县','广西壮族自治区','百色市',NULL,1,'2025-11-24 12:01:59','2025-11-24 12:01:59'),(1043,'450923','田东县','广西壮族自治区','百色市',NULL,1,'2025-11-24 12:01:59','2025-11-24 12:01:59'),(1044,'450924','平果县','广西壮族自治区','百色市',NULL,1,'2025-11-24 12:01:59','2025-11-24 12:01:59'),(1045,'450925','德保县','广西壮族自治区','百色市',NULL,1,'2025-11-24 12:01:59','2025-11-24 12:01:59'),(1046,'451021','靖西市','广西壮族自治区','百色市',NULL,1,'2025-11-24 12:01:59','2025-11-24 12:01:59'),(1047,'451022','那坡县','广西壮族自治区','百色市',NULL,1,'2025-11-24 12:01:59','2025-11-24 12:01:59'),(1048,'451023','凌云县','广西壮族自治区','百色市',NULL,1,'2025-11-24 12:01:59','2025-11-24 12:01:59'),(1049,'451024','乐业县','广西壮族自治区','百色市',NULL,1,'2025-11-24 12:01:59','2025-11-24 12:01:59'),(1050,'451121','八步区','广西壮族自治区','贺州市',NULL,1,'2025-11-24 12:01:59','2025-11-24 12:01:59'),(1051,'451122','昭平县','广西壮族自治区','贺州市',NULL,1,'2025-11-24 12:01:59','2025-11-24 12:01:59'),(1052,'451123','钟山县','广西壮族自治区','贺州市',NULL,1,'2025-11-24 12:01:59','2025-11-24 12:01:59'),(1053,'451124','富川瑶族自治县','广西壮族自治区','贺州市',NULL,1,'2025-11-24 12:01:59','2025-11-24 12:01:59'),(1054,'451221','巴马瑶族自治县','广西壮族自治区','河池市',NULL,1,'2025-11-24 12:01:59','2025-11-24 12:01:59'),(1055,'451222','宜州区','广西壮族自治区','河池市',NULL,1,'2025-11-24 12:01:59','2025-11-24 12:01:59'),(1056,'451223','罗城仫佬族自治县','广西壮族自治区','河池市',NULL,1,'2025-11-24 12:01:59','2025-11-24 12:01:59'),(1057,'451224','环江毛南族自治县','广西壮族自治区','河池市',NULL,1,'2025-11-24 12:01:59','2025-11-24 12:01:59'),(1058,'451225','南丹县','广西壮族自治区','河池市',NULL,1,'2025-11-24 12:01:59','2025-11-24 12:01:59'),(1059,'451226','天峨县','广西壮族自治区','河池市',NULL,1,'2025-11-24 12:01:59','2025-11-24 12:01:59'),(1060,'451227','凤山县','广西壮族自治区','河池市',NULL,1,'2025-11-24 12:01:59','2025-11-24 12:01:59'),(1061,'451228','东兰县','广西壮族自治区','河池市',NULL,1,'2025-11-24 12:01:59','2025-11-24 12:01:59'),(1062,'451229','都安瑶族自治县','广西壮族自治区','河池市',NULL,1,'2025-11-24 12:01:59','2025-11-24 12:01:59'),(1063,'451230','大化瑶族自治县','广西壮族自治区','河池市',NULL,1,'2025-11-24 12:01:59','2025-11-24 12:01:59'),(1064,'451321','忻城县','广西壮族自治区','来宾市',NULL,1,'2025-11-24 12:01:59','2025-11-24 12:01:59'),(1065,'460105','秀英区','海南省','海口市',NULL,1,'2025-11-24 12:01:59','2025-11-24 12:01:59'),(1066,'460106','龙华区','海南省','海口市',NULL,1,'2025-11-24 12:01:59','2025-11-24 12:01:59'),(1067,'460107','琼山区','海南省','海口市',NULL,1,'2025-11-24 12:01:59','2025-11-24 12:01:59'),(1068,'460201','三亚市','海南省','三亚市',NULL,1,'2025-11-24 12:01:59','2025-11-24 12:01:59'),(1069,'469021','五指山市','海南省','五指山市',NULL,1,'2025-11-24 12:01:59','2025-11-24 12:01:59'),(1070,'500118','黔江区','重庆市','黔江区',NULL,1,'2025-11-24 12:01:59','2025-11-24 12:01:59'),(1071,'500119','涪陵区','重庆市','涪陵区',NULL,1,'2025-11-24 12:01:59','2025-11-24 12:01:59'),(1072,'500120','渝中区','重庆市','渝中区',NULL,1,'2025-11-24 12:01:59','2025-11-24 12:01:59'),(1073,'500121','大渡口区','重庆市','大渡口区',NULL,1,'2025-11-24 12:01:59','2025-11-24 12:01:59'),(1074,'500122','江北区','重庆市','江北区',NULL,1,'2025-11-24 12:01:59','2025-11-24 12:01:59'),(1075,'500123','沙坪坝区','重庆市','沙坪坝区',NULL,1,'2025-11-24 12:01:59','2025-11-24 12:01:59'),(1076,'500124','九龙坡区','重庆市','九龙坡区',NULL,1,'2025-11-24 12:01:59','2025-11-24 12:01:59'),(1077,'500125','南岸区','重庆市','南岸区',NULL,1,'2025-11-24 12:01:59','2025-11-24 12:01:59'),(1078,'500126','北碚区','重庆市','北碚区',NULL,1,'2025-11-24 12:01:59','2025-11-24 12:01:59'),(1079,'500127','渝北区','重庆市','渝北区',NULL,1,'2025-11-24 12:01:59','2025-11-24 12:01:59'),(1080,'500128','巴南区','重庆市','巴南区',NULL,1,'2025-11-24 12:01:59','2025-11-24 12:01:59'),(1081,'500129','长寿区','重庆市','长寿区',NULL,1,'2025-11-24 12:01:59','2025-11-24 12:01:59'),(1082,'500130','江津区','重庆市','江津区',NULL,1,'2025-11-24 12:01:59','2025-11-24 12:01:59'),(1083,'500131','合川区','重庆市','合川区',NULL,1,'2025-11-24 12:01:59','2025-11-24 12:01:59'),(1084,'510129','郫都区','四川省','成都市',NULL,1,'2025-11-24 12:01:59','2025-11-24 12:01:59'),(1085,'510131','蒲江县','四川省','成都市',NULL,1,'2025-11-24 12:01:59','2025-11-24 12:01:59'),(1086,'510132','大邑县','四川省','成都市',NULL,1,'2025-11-24 12:01:59','2025-11-24 12:01:59'),(1087,'510321','荣县','四川省','自贡市',NULL,1,'2025-11-24 12:01:59','2025-11-24 12:01:59'),(1088,'510322','富顺县','四川省','自贡市',NULL,1,'2025-11-24 12:01:59','2025-11-24 12:01:59'),(1089,'510421','米易县','四川省','攀枝花市',NULL,1,'2025-11-24 12:01:59','2025-11-24 12:01:59'),(1090,'510422','盐边县','四川省','攀枝花市',NULL,1,'2025-11-24 12:01:59','2025-11-24 12:01:59'),(1091,'510521','泸县','四川省','泸州市',NULL,1,'2025-11-24 12:01:59','2025-11-24 12:01:59'),(1092,'510522','合江县','四川省','泸州市',NULL,1,'2025-11-24 12:01:59','2025-11-24 12:01:59'),(1093,'510523','叙永县','四川省','泸州市',NULL,1,'2025-11-24 12:01:59','2025-11-24 12:01:59'),(1094,'510524','古蔺县','四川省','泸州市',NULL,1,'2025-11-24 12:01:59','2025-11-24 12:01:59'),(1095,'510622','中江县','四川省','德阳市',NULL,1,'2025-11-24 12:01:59','2025-11-24 12:01:59'),(1096,'510623','罗江县','四川省','德阳市',NULL,1,'2025-11-24 12:01:59','2025-11-24 12:01:59'),(1097,'510624','广汉市','四川省','德阳市',NULL,1,'2025-11-24 12:01:59','2025-11-24 12:01:59'),(1098,'510625','什邡市','四川省','德阳市',NULL,1,'2025-11-24 12:01:59','2025-11-24 12:01:59'),(1099,'510724','三台县','四川省','绵阳市',NULL,1,'2025-11-24 12:01:59','2025-11-24 12:01:59'),(1100,'510725','盐亭县','四川省','绵阳市',NULL,1,'2025-11-24 12:01:59','2025-11-24 12:01:59'),(1101,'510726','安县','四川省','绵阳市',NULL,1,'2025-11-24 12:01:59','2025-11-24 12:01:59'),(1102,'510727','梓潼县','四川省','绵阳市',NULL,1,'2025-11-24 12:01:59','2025-11-24 12:01:59'),(1103,'510821','利州区','四川省','广元市',NULL,1,'2025-11-24 12:01:59','2025-11-24 12:01:59'),(1104,'510822','昭化区','四川省','广元市',NULL,1,'2025-11-24 12:01:59','2025-11-24 12:01:59'),(1105,'510823','朝天区','四川省','广元市',NULL,1,'2025-11-24 12:01:59','2025-11-24 12:01:59'),(1106,'510824','旺苍县','四川省','广元市',NULL,1,'2025-11-24 12:01:59','2025-11-24 12:01:59'),(1107,'510825','青川县','四川省','广元市',NULL,1,'2025-11-24 12:01:59','2025-11-24 12:01:59'),(1108,'510826','剑阁县','四川省','广元市',NULL,1,'2025-11-24 12:01:59','2025-11-24 12:01:59'),(1109,'510921','船山区','四川省','遂宁市',NULL,1,'2025-11-24 12:01:59','2025-11-24 12:01:59'),(1110,'510922','安居区','四川省','遂宁市',NULL,1,'2025-11-24 12:01:59','2025-11-24 12:01:59'),(1111,'510923','蓬溪县','四川省','遂宁市',NULL,1,'2025-11-24 12:01:59','2025-11-24 12:01:59'),(1112,'510924','射洪县','四川省','遂宁市',NULL,1,'2025-11-24 12:01:59','2025-11-24 12:01:59'),(1113,'511021','市中区','四川省','内江市',NULL,1,'2025-11-24 12:01:59','2025-11-24 12:01:59'),(1114,'511022','东兴区','四川省','内江市',NULL,1,'2025-11-24 12:01:59','2025-11-24 12:01:59'),(1115,'511023','资中县','四川省','内江市',NULL,1,'2025-11-24 12:01:59','2025-11-24 12:01:59'),(1116,'511024','隆昌县','四川省','内江市',NULL,1,'2025-11-24 12:01:59','2025-11-24 12:01:59'),(1117,'511025','威远县','四川省','内江市',NULL,1,'2025-11-24 12:01:59','2025-11-24 12:01:59'),(1118,'511121','市中区','四川省','乐山市',NULL,1,'2025-11-24 12:01:59','2025-11-24 12:01:59'),(1119,'511122','沙湾区','四川省','乐山市',NULL,1,'2025-11-24 12:01:59','2025-11-24 12:01:59'),(1120,'511123','五通桥区','四川省','乐山市',NULL,1,'2025-11-24 12:01:59','2025-11-24 12:01:59'),(1121,'511124','金口河区','四川省','乐山市',NULL,1,'2025-11-24 12:01:59','2025-11-24 12:01:59'),(1122,'511125','犍为县','四川省','乐山市',NULL,1,'2025-11-24 12:01:59','2025-11-24 12:01:59'),(1123,'511126','井研县','四川省','乐山市',NULL,1,'2025-11-24 12:01:59','2025-11-24 12:01:59'),(1124,'511127','夹江县','四川省','乐山市',NULL,1,'2025-11-24 12:01:59','2025-11-24 12:01:59'),(1125,'511128','沐川县','四川省','乐山市',NULL,1,'2025-11-24 12:01:59','2025-11-24 12:01:59'),(1126,'511129','峨边彝族自治县','四川省','乐山市',NULL,1,'2025-11-24 12:01:59','2025-11-24 12:01:59'),(1127,'511130','马边彝族自治县','四川省','乐山市',NULL,1,'2025-11-24 12:01:59','2025-11-24 12:01:59'),(1128,'511131','峨眉山市','四川省','乐山市',NULL,1,'2025-11-24 12:01:59','2025-11-24 12:01:59'),(1129,'511132','顺庆区','四川省','南充市',NULL,1,'2025-11-24 12:01:59','2025-11-24 12:01:59'),(1130,'511133','高坪区','四川省','南充市',NULL,1,'2025-11-24 12:01:59','2025-11-24 12:01:59'),(1131,'511134','嘉陵区','四川省','南充市',NULL,1,'2025-11-24 12:01:59','2025-11-24 12:01:59'),(1132,'511135','南部县','四川省','南充市',NULL,1,'2025-11-24 12:01:59','2025-11-24 12:01:59'),(1133,'511136','营山县','四川省','南充市',NULL,1,'2025-11-24 12:01:59','2025-11-24 12:01:59'),(1134,'511137','蓬安县','四川省','南充市',NULL,1,'2025-11-24 12:01:59','2025-11-24 12:01:59'),(1135,'511138','仪陇县','四川省','南充市',NULL,1,'2025-11-24 12:01:59','2025-11-24 12:01:59'),(1136,'511139','西充县','四川省','南充市',NULL,1,'2025-11-24 12:01:59','2025-11-24 12:01:59'),(1137,'511140','阆中市','四川省','南充市',NULL,1,'2025-11-24 12:01:59','2025-11-24 12:01:59'),(1138,'511141','翠屏区','四川省','宜宾市',NULL,1,'2025-11-24 12:01:59','2025-11-24 12:01:59'),(1139,'511142','南溪区','四川省','宜宾市',NULL,1,'2025-11-24 12:01:59','2025-11-24 12:01:59'),(1140,'511143','叙州区','四川省','宜宾市',NULL,1,'2025-11-24 12:01:59','2025-11-24 12:01:59'),(1141,'511144','江安县','四川省','宜宾市',NULL,1,'2025-11-24 12:01:59','2025-11-24 12:01:59'),(1142,'511145','长宁县','四川省','宜宾市',NULL,1,'2025-11-24 12:01:59','2025-11-24 12:01:59'),(1143,'511146','高县','四川省','宜宾市',NULL,1,'2025-11-24 12:01:59','2025-11-24 12:01:59'),(1144,'511147','珙县','四川省','宜宾市',NULL,1,'2025-11-24 12:01:59','2025-11-24 12:01:59'),(1145,'511148','筠连县','四川省','宜宾市',NULL,1,'2025-11-24 12:01:59','2025-11-24 12:01:59'),(1146,'511149','兴文县','四川省','宜宾市',NULL,1,'2025-11-24 12:01:59','2025-11-24 12:01:59'),(1147,'511150','屏山县','四川省','宜宾市',NULL,1,'2025-11-24 12:01:59','2025-11-24 12:01:59'),(1148,'511321','巴州区','四川省','巴中市',NULL,1,'2025-11-24 12:01:59','2025-11-24 12:01:59'),(1149,'511322','通江县','四川省','巴中市',NULL,1,'2025-11-24 12:01:59','2025-11-24 12:01:59'),(1150,'511323','南江县','四川省','巴中市',NULL,1,'2025-11-24 12:01:59','2025-11-24 12:01:59'),(1151,'511324','平昌县','四川省','巴中市',NULL,1,'2025-11-24 12:01:59','2025-11-24 12:01:59'),(1152,'511421','通川区','四川省','达州市',NULL,1,'2025-11-24 12:01:59','2025-11-24 12:01:59'),(1153,'511422','达川区','四川省','达州市',NULL,1,'2025-11-24 12:01:59','2025-11-24 12:01:59'),(1154,'511423','宣汉县','四川省','达州市',NULL,1,'2025-11-24 12:01:59','2025-11-24 12:01:59'),(1155,'511424','开江县','四川省','达州市',NULL,1,'2025-11-24 12:01:59','2025-11-24 12:01:59'),(1156,'511425','大竹县','四川省','达州市',NULL,1,'2025-11-24 12:01:59','2025-11-24 12:01:59'),(1157,'511426','渠县','四川省','达州市',NULL,1,'2025-11-24 12:01:59','2025-11-24 12:01:59'),(1158,'511521','广安区','四川省','广安市',NULL,1,'2025-11-24 12:01:59','2025-11-24 12:01:59'),(1159,'511522','岳池县','四川省','广安市',NULL,1,'2025-11-24 12:01:59','2025-11-24 12:01:59'),(1160,'511523','武胜县','四川省','广安市',NULL,1,'2025-11-24 12:01:59','2025-11-24 12:01:59'),(1161,'511524','邻水县','四川省','广安市',NULL,1,'2025-11-24 12:01:59','2025-11-24 12:01:59'),(1162,'511621','雁江区','四川省','资阳市',NULL,1,'2025-11-24 12:01:59','2025-11-24 12:01:59'),(1163,'511622','安岳县','四川省','资阳市',NULL,1,'2025-11-24 12:01:59','2025-11-24 12:01:59'),(1164,'511623','乐至县','四川省','资阳市',NULL,1,'2025-11-24 12:01:59','2025-11-24 12:01:59'),(1165,'513221','汶川县','四川省','阿坝藏族羌族自治州',NULL,1,'2025-11-24 12:01:59','2025-11-24 12:01:59'),(1166,'513222','理县','四川省','阿坝藏族羌族自治州',NULL,1,'2025-11-24 12:01:59','2025-11-24 12:01:59'),(1167,'513223','茂县','四川省','阿坝藏族羌族自治州',NULL,1,'2025-11-24 12:01:59','2025-11-24 12:01:59'),(1168,'513224','松潘县','四川省','阿坝藏族羌族自治州',NULL,1,'2025-11-24 12:01:59','2025-11-24 12:01:59'),(1169,'513225','九寨沟县','四川省','阿坝藏族羌族自治州',NULL,1,'2025-11-24 12:01:59','2025-11-24 12:01:59'),(1170,'513226','金川县','四川省','阿坝藏族羌族自治州',NULL,1,'2025-11-24 12:01:59','2025-11-24 12:01:59'),(1171,'513227','小金县','四川省','阿坝藏族羌族自治州',NULL,1,'2025-11-24 12:01:59','2025-11-24 12:01:59'),(1172,'513228','黑水县','四川省','阿坝藏族羌族自治州',NULL,1,'2025-11-24 12:01:59','2025-11-24 12:01:59'),(1173,'513229','马尔康市','四川省','阿坝藏族羌族自治州',NULL,1,'2025-11-24 12:01:59','2025-11-24 12:01:59'),(1174,'513230','壤塘县','四川省','阿坝藏族羌族自治州',NULL,1,'2025-11-24 12:01:59','2025-11-24 12:01:59'),(1175,'513231','阿坝县','四川省','阿坝藏族羌族自治州',NULL,1,'2025-11-24 12:01:59','2025-11-24 12:01:59'),(1176,'513232','若尔盖县','四川省','阿坝藏族羌族自治州',NULL,1,'2025-11-24 12:01:59','2025-11-24 12:01:59'),(1177,'513233','红原县','四川省','阿坝藏族羌族自治州',NULL,1,'2025-11-24 12:01:59','2025-11-24 12:01:59'),(1178,'513321','康定市','四川省','甘孜藏族自治州',NULL,1,'2025-11-24 12:01:59','2025-11-24 12:01:59'),(1179,'513322','泸定县','四川省','甘孜藏族自治州',NULL,1,'2025-11-24 12:01:59','2025-11-24 12:01:59'),(1180,'513323','丹巴县','四川省','甘孜藏族自治州',NULL,1,'2025-11-24 12:01:59','2025-11-24 12:01:59'),(1181,'513324','九龙县','四川省','甘孜藏族自治州',NULL,1,'2025-11-24 12:01:59','2025-11-24 12:01:59'),(1182,'513325','雅江县','四川省','甘孜藏族自治州',NULL,1,'2025-11-24 12:01:59','2025-11-24 12:01:59'),(1183,'520121','开阳县','贵州省','贵阳市',NULL,1,'2025-11-24 12:01:59','2025-11-24 12:01:59'),(1184,'520122','息烽县','贵州省','贵阳市',NULL,1,'2025-11-24 12:01:59','2025-11-24 12:01:59'),(1185,'520123','修文县','贵州省','贵阳市',NULL,1,'2025-11-24 12:01:59','2025-11-24 12:01:59'),(1186,'520124','清镇市','贵州省','贵阳市',NULL,1,'2025-11-24 12:01:59','2025-11-24 12:01:59'),(1187,'520221','六枝特区','贵州省','六盘水市',NULL,1,'2025-11-24 12:01:59','2025-11-24 12:01:59'),(1188,'520222','盘州市','贵州省','六盘水市',NULL,1,'2025-11-24 12:01:59','2025-11-24 12:01:59'),(1189,'520223','水城区','贵州省','六盘水市',NULL,1,'2025-11-24 12:01:59','2025-11-24 12:01:59'),(1190,'520321','仁怀市','贵州省','遵义市',NULL,1,'2025-11-24 12:01:59','2025-11-24 12:01:59'),(1191,'520322','赤水市','贵州省','遵义市',NULL,1,'2025-11-24 12:01:59','2025-11-24 12:01:59'),(1192,'520323','习水县','贵州省','遵义市',NULL,1,'2025-11-24 12:01:59','2025-11-24 12:01:59'),(1193,'520324','桐梓县','贵州省','遵义市',NULL,1,'2025-11-24 12:01:59','2025-11-24 12:01:59'),(1194,'520325','绥阳县','贵州省','遵义市',NULL,1,'2025-11-24 12:01:59','2025-11-24 12:01:59'),(1195,'520326','正安县','贵州省','遵义市',NULL,1,'2025-11-24 12:01:59','2025-11-24 12:01:59'),(1196,'520327','道真仡佬族苗族自治县','贵州省','遵义市',NULL,1,'2025-11-24 12:01:59','2025-11-24 12:01:59'),(1197,'520328','务川仡佬族苗族自治县','贵州省','遵义市',NULL,1,'2025-11-24 12:01:59','2025-11-24 12:01:59'),(1198,'520329','凤冈县','贵州省','遵义市',NULL,1,'2025-11-24 12:01:59','2025-11-24 12:01:59'),(1199,'520330','湄潭县','贵州省','遵义市',NULL,1,'2025-11-24 12:01:59','2025-11-24 12:01:59'),(1200,'520421','西秀区','贵州省','安顺市',NULL,1,'2025-11-24 12:01:59','2025-11-24 12:01:59'),(1201,'520422','平坝区','贵州省','安顺市',NULL,1,'2025-11-24 12:01:59','2025-11-24 12:01:59'),(1202,'520423','普定县','贵州省','安顺市',NULL,1,'2025-11-24 12:01:59','2025-11-24 12:01:59'),(1203,'520424','镇宁布依族苗族自治县','贵州省','安顺市',NULL,1,'2025-11-24 12:01:59','2025-11-24 12:01:59'),(1204,'520425','关岭布依族苗族自治县','贵州省','安顺市',NULL,1,'2025-11-24 12:01:59','2025-11-24 12:01:59'),(1205,'520426','紫云苗族布依族自治县','贵州省','安顺市',NULL,1,'2025-11-24 12:01:59','2025-11-24 12:01:59'),(1206,'520427','七星关区','贵州省','毕节市',NULL,1,'2025-11-24 12:01:59','2025-11-24 12:01:59'),(1207,'520428','大方县','贵州省','毕节市',NULL,1,'2025-11-24 12:01:59','2025-11-24 12:01:59'),(1208,'520429','黔西县','贵州省','毕节市',NULL,1,'2025-11-24 12:01:59','2025-11-24 12:01:59'),(1209,'520430','金沙县','贵州省','毕节市',NULL,1,'2025-11-24 12:01:59','2025-11-24 12:01:59'),(1210,'520431','织金县','贵州省','毕节市',NULL,1,'2025-11-24 12:01:59','2025-11-24 12:01:59'),(1211,'520432','纳雍县','贵州省','毕节市',NULL,1,'2025-11-24 12:01:59','2025-11-24 12:01:59'),(1212,'520433','威宁彝族回族苗族自治县','贵州省','毕节市',NULL,1,'2025-11-24 12:01:59','2025-11-24 12:01:59'),(1213,'520621','碧江区','贵州省','铜仁市',NULL,1,'2025-11-24 12:01:59','2025-11-24 12:01:59'),(1214,'520622','万山区','贵州省','铜仁市',NULL,1,'2025-11-24 12:01:59','2025-11-24 12:01:59'),(1215,'520623','江口县','贵州省','铜仁市',NULL,1,'2025-11-24 12:01:59','2025-11-24 12:01:59'),(1216,'520624','玉屏侗族自治县','贵州省','铜仁市',NULL,1,'2025-11-24 12:01:59','2025-11-24 12:01:59'),(1217,'520625','石阡县','贵州省','铜仁市',NULL,1,'2025-11-24 12:01:59','2025-11-24 12:01:59'),(1218,'520626','思南县','贵州省','铜仁市',NULL,1,'2025-11-24 12:01:59','2025-11-24 12:01:59'),(1219,'520627','印江土家族苗族自治县','贵州省','铜仁市',NULL,1,'2025-11-24 12:01:59','2025-11-24 12:01:59'),(1220,'520628','德江县','贵州省','铜仁市',NULL,1,'2025-11-24 12:01:59','2025-11-24 12:01:59'),(1221,'520629','沿河土家族自治县','贵州省','铜仁市',NULL,1,'2025-11-24 12:01:59','2025-11-24 12:01:59'),(1222,'520630','松桃苗族自治县','贵州省','铜仁市',NULL,1,'2025-11-24 12:01:59','2025-11-24 12:01:59'),(1223,'520822','凯里市','贵州省','黔东南苗族侗族自治州',NULL,1,'2025-11-24 12:01:59','2025-11-24 12:01:59'),(1224,'520823','黄平县','贵州省','黔东南苗族侗族自治州',NULL,1,'2025-11-24 12:01:59','2025-11-24 12:01:59'),(1225,'520824','施秉县','贵州省','黔东南苗族侗族自治州',NULL,1,'2025-11-24 12:01:59','2025-11-24 12:01:59'),(1226,'520825','三穗县','贵州省','黔东南苗族侗族自治州',NULL,1,'2025-11-24 12:01:59','2025-11-24 12:01:59'),(1227,'520826','镇远县','贵州省','黔东南苗族侗族自治州',NULL,1,'2025-11-24 12:01:59','2025-11-24 12:01:59'),(1228,'520827','岑巩县','贵州省','黔东南苗族侗族自治州',NULL,1,'2025-11-24 12:01:59','2025-11-24 12:01:59'),(1229,'520828','天柱县','贵州省','黔东南苗族侗族自治州',NULL,1,'2025-11-24 12:01:59','2025-11-24 12:01:59'),(1230,'520829','锦屏县','贵州省','黔东南苗族侗族自治州',NULL,1,'2025-11-24 12:01:59','2025-11-24 12:01:59'),(1231,'520830','剑河县','贵州省','黔东南苗族侗族自治州',NULL,1,'2025-11-24 12:01:59','2025-11-24 12:01:59'),(1232,'520831','台江县','贵州省','黔东南苗族侗族自治州',NULL,1,'2025-11-24 12:01:59','2025-11-24 12:01:59'),(1233,'520832','黎平县','贵州省','黔东南苗族侗族自治州',NULL,1,'2025-11-24 12:01:59','2025-11-24 12:01:59'),(1234,'520833','榕江县','贵州省','黔东南苗族侗族自治州',NULL,1,'2025-11-24 12:01:59','2025-11-24 12:01:59'),(1235,'520834','从江县','贵州省','黔东南苗族侗族自治州',NULL,1,'2025-11-24 12:01:59','2025-11-24 12:01:59'),(1236,'520835','雷山县','贵州省','黔东南苗族侗族自治州',NULL,1,'2025-11-24 12:01:59','2025-11-24 12:01:59'),(1237,'520836','麻江县','贵州省','黔东南苗族侗族自治州',NULL,1,'2025-11-24 12:01:59','2025-11-24 12:01:59'),(1238,'520837','丹寨县','贵州省','黔东南苗族侗族自治州',NULL,1,'2025-11-24 12:01:59','2025-11-24 12:01:59'),(1239,'520922','都匀市','贵州省','黔南布依族苗族自治州',NULL,1,'2025-11-24 12:01:59','2025-11-24 12:01:59'),(1240,'520923','福泉市','贵州省','黔南布依族苗族自治州',NULL,1,'2025-11-24 12:01:59','2025-11-24 12:01:59'),(1241,'520924','荔波县','贵州省','黔南布依族苗族自治州',NULL,1,'2025-11-24 12:01:59','2025-11-24 12:01:59'),(1242,'520925','贵定县','贵州省','黔南布依族苗族自治州',NULL,1,'2025-11-24 12:01:59','2025-11-24 12:01:59'),(1243,'520926','瓮安县','贵州省','黔南布依族苗族自治州',NULL,1,'2025-11-24 12:01:59','2025-11-24 12:01:59'),(1244,'520927','独山县','贵州省','黔南布依族苗族自治州',NULL,1,'2025-11-24 12:01:59','2025-11-24 12:01:59'),(1245,'520928','平塘县','贵州省','黔南布依族苗族自治州',NULL,1,'2025-11-24 12:01:59','2025-11-24 12:01:59'),(1246,'520929','罗甸县','贵州省','黔南布依族苗族自治州',NULL,1,'2025-11-24 12:01:59','2025-11-24 12:01:59'),(1247,'520930','长顺县','贵州省','黔南布依族苗族自治州',NULL,1,'2025-11-24 12:01:59','2025-11-24 12:01:59'),(1248,'520931','龙里县','贵州省','黔南布依族苗族自治州',NULL,1,'2025-11-24 12:01:59','2025-11-24 12:01:59'),(1249,'520932','惠水县','贵州省','黔南布依族苗族自治州',NULL,1,'2025-11-24 12:01:59','2025-11-24 12:01:59'),(1250,'520933','三都水族自治县','贵州省','黔南布依族苗族自治州',NULL,1,'2025-11-24 12:01:59','2025-11-24 12:01:59'),(1251,'522322','兴义市','贵州省','黔西南布依族苗族自治州',NULL,1,'2025-11-24 12:01:59','2025-11-24 12:01:59'),(1252,'522323','兴仁市','贵州省','黔西南布依族苗族自治州',NULL,1,'2025-11-24 12:01:59','2025-11-24 12:01:59'),(1253,'522324','普安县','贵州省','黔西南布依族苗族自治州',NULL,1,'2025-11-24 12:01:59','2025-11-24 12:01:59'),(1254,'522325','晴隆县','贵州省','黔西南布依族苗族自治州',NULL,1,'2025-11-24 12:01:59','2025-11-24 12:01:59'),(1255,'522326','贞丰县','贵州省','黔西南布依族苗族自治州',NULL,1,'2025-11-24 12:01:59','2025-11-24 12:01:59'),(1256,'522327','望谟县','贵州省','黔西南布依族苗族自治州',NULL,1,'2025-11-24 12:01:59','2025-11-24 12:01:59'),(1257,'522328','册亨县','贵州省','黔西南布依族苗族自治州',NULL,1,'2025-11-24 12:01:59','2025-11-24 12:01:59'),(1258,'522329','安龙县','贵州省','黔西南布依族苗族自治州',NULL,1,'2025-11-24 12:01:59','2025-11-24 12:01:59'),(1259,'522622','凯里市','贵州省','黔东南苗族侗族自治州',NULL,1,'2025-11-24 12:01:59','2025-11-24 12:01:59'),(1260,'522623','黄平县','贵州省','黔东南苗族侗族自治州',NULL,1,'2025-11-24 12:01:59','2025-11-24 12:01:59'),(1261,'530125','宜良县','云南省','昆明市',NULL,1,'2025-11-24 12:01:59','2025-11-24 12:01:59'),(1262,'530126','石林彝族自治县','云南省','昆明市',NULL,1,'2025-11-24 12:01:59','2025-11-24 12:01:59'),(1263,'530127','嵩明县','云南省','昆明市',NULL,1,'2025-11-24 12:01:59','2025-11-24 12:01:59'),(1264,'530128','禄劝彝族苗族自治县','云南省','昆明市',NULL,1,'2025-11-24 12:01:59','2025-11-24 12:01:59'),(1265,'530129','寻甸回族彝族自治县','云南省','昆明市',NULL,1,'2025-11-24 12:01:59','2025-11-24 12:01:59'),(1266,'530321','宣威市','云南省','曲靖市',NULL,1,'2025-11-24 12:01:59','2025-11-24 12:01:59'),(1267,'530322','富源县','云南省','曲靖市',NULL,1,'2025-11-24 12:01:59','2025-11-24 12:01:59'),(1268,'530323','罗平县','云南省','曲靖市',NULL,1,'2025-11-24 12:01:59','2025-11-24 12:01:59'),(1269,'530324','师宗县','云南省','曲靖市',NULL,1,'2025-11-24 12:01:59','2025-11-24 12:01:59'),(1270,'530325','陆良县','云南省','曲靖市',NULL,1,'2025-11-24 12:01:59','2025-11-24 12:01:59'),(1271,'530326','会泽县','云南省','曲靖市',NULL,1,'2025-11-24 12:01:59','2025-11-24 12:01:59'),(1272,'530421','通海县','云南省','玉溪市',NULL,1,'2025-11-24 12:01:59','2025-11-24 12:01:59'),(1273,'530422','华宁县','云南省','玉溪市',NULL,1,'2025-11-24 12:01:59','2025-11-24 12:01:59'),(1274,'530423','易门县','云南省','玉溪市',NULL,1,'2025-11-24 12:01:59','2025-11-24 12:01:59'),(1275,'530424','峨山彝族自治县','云南省','玉溪市',NULL,1,'2025-11-24 12:01:59','2025-11-24 12:01:59'),(1276,'530425','新平彝族傣族自治县','云南省','玉溪市',NULL,1,'2025-11-24 12:01:59','2025-11-24 12:01:59'),(1277,'530426','元江哈尼族彝族傣族自治县','云南省','玉溪市',NULL,1,'2025-11-24 12:01:59','2025-11-24 12:01:59'),(1278,'530521','隆阳区','云南省','保山市',NULL,1,'2025-11-24 12:01:59','2025-11-24 12:01:59'),(1279,'530522','施甸县','云南省','保山市',NULL,1,'2025-11-24 12:01:59','2025-11-24 12:01:59'),(1280,'530523','龙陵县','云南省','保山市',NULL,1,'2025-11-24 12:01:59','2025-11-24 12:01:59'),(1281,'530524','昌宁县','云南省','保山市',NULL,1,'2025-11-24 12:01:59','2025-11-24 12:01:59'),(1282,'530621','昭阳区','云南省','昭通市',NULL,1,'2025-11-24 12:01:59','2025-11-24 12:01:59'),(1283,'530622','鲁甸县','云南省','昭通市',NULL,1,'2025-11-24 12:01:59','2025-11-24 12:01:59'),(1284,'530623','巧家县','云南省','昭通市',NULL,1,'2025-11-24 12:01:59','2025-11-24 12:01:59'),(1285,'530624','盐津县','云南省','昭通市',NULL,1,'2025-11-24 12:01:59','2025-11-24 12:01:59'),(1286,'530625','大关县','云南省','昭通市',NULL,1,'2025-11-24 12:01:59','2025-11-24 12:01:59'),(1287,'530626','永善县','云南省','昭通市',NULL,1,'2025-11-24 12:01:59','2025-11-24 12:01:59'),(1288,'530627','绥江县','云南省','昭通市',NULL,1,'2025-11-24 12:01:59','2025-11-24 12:01:59'),(1289,'530628','镇雄县','云南省','昭通市',NULL,1,'2025-11-24 12:01:59','2025-11-24 12:01:59'),(1290,'530629','彝良县','云南省','昭通市',NULL,1,'2025-11-24 12:01:59','2025-11-24 12:01:59'),(1291,'530630','威信县','云南省','昭通市',NULL,1,'2025-11-24 12:01:59','2025-11-24 12:01:59'),(1292,'530721','古城区','云南省','丽江市',NULL,1,'2025-11-24 12:01:59','2025-11-24 12:01:59'),(1293,'530722','玉龙纳西族自治县','云南省','丽江市',NULL,1,'2025-11-24 12:01:59','2025-11-24 12:01:59'),(1294,'530723','永胜县','云南省','丽江市',NULL,1,'2025-11-24 12:01:59','2025-11-24 12:01:59'),(1295,'530724','华坪县','云南省','丽江市',NULL,1,'2025-11-24 12:01:59','2025-11-24 12:01:59'),(1296,'530725','宁蒗彝族自治县','云南省','丽江市',NULL,1,'2025-11-24 12:01:59','2025-11-24 12:01:59'),(1297,'530821','思茅区','云南省','普洱市',NULL,1,'2025-11-24 12:01:59','2025-11-24 12:01:59'),(1298,'530822','宁洱哈尼族彝族自治县','云南省','普洱市',NULL,1,'2025-11-24 12:01:59','2025-11-24 12:01:59'),(1299,'530823','墨江哈尼族自治县','云南省','普洱市',NULL,1,'2025-11-24 12:01:59','2025-11-24 12:01:59'),(1300,'530824','景东彝族自治县','云南省','普洱市',NULL,1,'2025-11-24 12:01:59','2025-11-24 12:01:59'),(1301,'530825','景谷傣族彝族自治县','云南省','普洱市',NULL,1,'2025-11-24 12:01:59','2025-11-24 12:01:59'),(1302,'530826','镇沅彝族哈尼族拉祜族自治县','云南省','普洱市',NULL,1,'2025-11-24 12:01:59','2025-11-24 12:01:59'),(1303,'530827','江城哈尼族彝族自治县','云南省','普洱市',NULL,1,'2025-11-24 12:01:59','2025-11-24 12:01:59'),(1304,'530828','孟连傣族拉祜族佤族自治县','云南省','普洱市',NULL,1,'2025-11-24 12:01:59','2025-11-24 12:01:59'),(1305,'530829','澜沧拉祜族自治县','云南省','普洱市',NULL,1,'2025-11-24 12:01:59','2025-11-24 12:01:59'),(1306,'530830','西盟佤族自治县','云南省','普洱市',NULL,1,'2025-11-24 12:01:59','2025-11-24 12:01:59'),(1307,'530921','临翔区','云南省','临沧市',NULL,1,'2025-11-24 12:01:59','2025-11-24 12:01:59'),(1308,'530922','凤庆县','云南省','临沧市',NULL,1,'2025-11-24 12:01:59','2025-11-24 12:01:59'),(1309,'530923','云县','云南省','临沧市',NULL,1,'2025-11-24 12:01:59','2025-11-24 12:01:59'),(1310,'530924','永德县','云南省','临沧市',NULL,1,'2025-11-24 12:01:59','2025-11-24 12:01:59'),(1311,'530925','镇康县','云南省','临沧市',NULL,1,'2025-11-24 12:01:59','2025-11-24 12:01:59'),(1312,'530926','双江拉祜族佤族布朗族傣族自治县','云南省','临沧市',NULL,1,'2025-11-24 12:01:59','2025-11-24 12:01:59'),(1313,'530927','耿马傣族佤族自治县','云南省','临沧市',NULL,1,'2025-11-24 12:01:59','2025-11-24 12:01:59'),(1314,'530928','沧源佤族自治县','云南省','临沧市',NULL,1,'2025-11-24 12:01:59','2025-11-24 12:01:59'),(1315,'532322','楚雄市','云南省','楚雄彝族自治州',NULL,1,'2025-11-24 12:01:59','2025-11-24 12:01:59'),(1316,'532323','双柏县','云南省','楚雄彝族自治州',NULL,1,'2025-11-24 12:01:59','2025-11-24 12:01:59'),(1317,'532324','牟定县','云南省','楚雄彝族自治州',NULL,1,'2025-11-24 12:01:59','2025-11-24 12:01:59'),(1318,'532325','南华县','云南省','楚雄彝族自治州',NULL,1,'2025-11-24 12:01:59','2025-11-24 12:01:59'),(1319,'532326','姚安县','云南省','楚雄彝族自治州',NULL,1,'2025-11-24 12:01:59','2025-11-24 12:01:59'),(1320,'532327','大姚县','云南省','楚雄彝族自治州',NULL,1,'2025-11-24 12:01:59','2025-11-24 12:01:59'),(1321,'532328','永仁县','云南省','楚雄彝族自治州',NULL,1,'2025-11-24 12:01:59','2025-11-24 12:01:59'),(1322,'532329','元谋县','云南省','楚雄彝族自治州',NULL,1,'2025-11-24 12:01:59','2025-11-24 12:01:59'),(1323,'532331','武定县','云南省','楚雄彝族自治州',NULL,1,'2025-11-24 12:01:59','2025-11-24 12:01:59'),(1324,'532332','禄丰县','云南省','楚雄彝族自治州',NULL,1,'2025-11-24 12:01:59','2025-11-24 12:01:59'),(1325,'532522','个旧市','云南省','红河哈尼族彝族自治州',NULL,1,'2025-11-24 12:01:59','2025-11-24 12:01:59'),(1326,'532523','开远市','云南省','红河哈尼族彝族自治州',NULL,1,'2025-11-24 12:01:59','2025-11-24 12:01:59'),(1327,'532524','蒙自市','云南省','红河哈尼族彝族自治州',NULL,1,'2025-11-24 12:01:59','2025-11-24 12:01:59'),(1328,'532525','屏边苗族自治县','云南省','红河哈尼族彝族自治州',NULL,1,'2025-11-24 12:01:59','2025-11-24 12:01:59'),(1329,'532526','建水县','云南省','红河哈尼族彝族自治州',NULL,1,'2025-11-24 12:01:59','2025-11-24 12:01:59'),(1330,'532527','石屏县','云南省','红河哈尼族彝族自治州',NULL,1,'2025-11-24 12:01:59','2025-11-24 12:01:59'),(1331,'532528','弥勒市','云南省','红河哈尼族彝族自治州',NULL,1,'2025-11-24 12:01:59','2025-11-24 12:01:59'),(1332,'532529','泸西县','云南省','红河哈尼族彝族自治州',NULL,1,'2025-11-24 12:01:59','2025-11-24 12:01:59'),(1333,'532530','元阳县','云南省','红河哈尼族彝族自治州',NULL,1,'2025-11-24 12:01:59','2025-11-24 12:01:59'),(1334,'532531','红河县','云南省','红河哈尼族彝族自治州',NULL,1,'2025-11-24 12:01:59','2025-11-24 12:01:59'),(1335,'532532','金平苗族瑶族傣族自治县','云南省','红河哈尼族彝族自治州',NULL,1,'2025-11-24 12:01:59','2025-11-24 12:01:59'),(1336,'532533','绿春县','云南省','红河哈尼族彝族自治州',NULL,1,'2025-11-24 12:01:59','2025-11-24 12:01:59'),(1337,'532534','河口瑶族自治县','云南省','红河哈尼族彝族自治州',NULL,1,'2025-11-24 12:01:59','2025-11-24 12:01:59'),(1338,'532622','文山市','云南省','文山壮族苗族自治州',NULL,1,'2025-11-24 12:01:59','2025-11-24 12:01:59'),(1339,'532623','砚山县','云南省','文山壮族苗族自治州',NULL,1,'2025-11-24 12:01:59','2025-11-24 12:01:59'),(1340,'532624','西畴县','云南省','文山壮族苗族自治州',NULL,1,'2025-11-24 12:01:59','2025-11-24 12:01:59'),(1341,'532625','麻栗坡县','云南省','文山壮族苗族自治州',NULL,1,'2025-11-24 12:01:59','2025-11-24 12:01:59'),(1342,'532626','马关县','云南省','文山壮族苗族自治州',NULL,1,'2025-11-24 12:01:59','2025-11-24 12:01:59'),(1343,'532627','丘北县','云南省','文山壮族苗族自治州',NULL,1,'2025-11-24 12:01:59','2025-11-24 12:01:59'),(1344,'532628','广南县','云南省','文山壮族苗族自治州',NULL,1,'2025-11-24 12:01:59','2025-11-24 12:01:59'),(1345,'532629','富宁县','云南省','文山壮族苗族自治州',NULL,1,'2025-11-24 12:01:59','2025-11-24 12:01:59'),(1346,'532822','景洪市','云南省','西双版纳傣族自治州',NULL,1,'2025-11-24 12:01:59','2025-11-24 12:01:59'),(1347,'532823','勐海县','云南省','西双版纳傣族自治州',NULL,1,'2025-11-24 12:01:59','2025-11-24 12:01:59'),(1348,'532824','勐腊县','云南省','西双版纳傣族自治州',NULL,1,'2025-11-24 12:01:59','2025-11-24 12:01:59'),(1349,'532922','大理市','云南省','大理白族自治州',NULL,1,'2025-11-24 12:01:59','2025-11-24 12:01:59'),(1350,'532923','漾濞彝族自治县','云南省','大理白族自治州',NULL,1,'2025-11-24 12:01:59','2025-11-24 12:01:59'),(1351,'532924','祥云县','云南省','大理白族自治州',NULL,1,'2025-11-24 12:01:59','2025-11-24 12:01:59'),(1352,'532925','宾川县','云南省','大理白族自治州',NULL,1,'2025-11-24 12:01:59','2025-11-24 12:01:59'),(1353,'532926','弥渡县','云南省','大理白族自治州',NULL,1,'2025-11-24 12:01:59','2025-11-24 12:01:59'),(1354,'532927','南涧彝族自治县','云南省','大理白族自治州',NULL,1,'2025-11-24 12:01:59','2025-11-24 12:01:59'),(1355,'532928','巍山彝族回族自治县','云南省','大理白族自治州',NULL,1,'2025-11-24 12:01:59','2025-11-24 12:01:59'),(1356,'610122','蓝田县','陕西省','西安市',NULL,1,'2025-11-24 12:01:59','2025-11-24 12:01:59'),(1357,'610124','周至县','陕西省','西安市',NULL,1,'2025-11-24 12:01:59','2025-11-24 12:01:59'),(1358,'610125','户县','陕西省','西安市',NULL,1,'2025-11-24 12:01:59','2025-11-24 12:01:59'),(1359,'610126','高陵县','陕西省','西安市',NULL,1,'2025-11-24 12:01:59','2025-11-24 12:01:59'),(1360,'610221','耀州区','陕西省','铜川市',NULL,1,'2025-11-24 12:01:59','2025-11-24 12:01:59'),(1361,'610222','宜君县','陕西省','铜川市',NULL,1,'2025-11-24 12:01:59','2025-11-24 12:01:59'),(1362,'610321','宝鸡县','陕西省','宝鸡市',NULL,1,'2025-11-24 12:01:59','2025-11-24 12:01:59'),(1363,'610322','凤翔县','陕西省','宝鸡市',NULL,1,'2025-11-24 12:01:59','2025-11-24 12:01:59'),(1364,'610323','岐山县','陕西省','宝鸡市',NULL,1,'2025-11-24 12:01:59','2025-11-24 12:01:59'),(1365,'610324','扶风县','陕西省','宝鸡市',NULL,1,'2025-11-24 12:01:59','2025-11-24 12:01:59'),(1366,'610326','眉县','陕西省','宝鸡市',NULL,1,'2025-11-24 12:01:59','2025-11-24 12:01:59'),(1367,'610327','陇县','陕西省','宝鸡市',NULL,1,'2025-11-24 12:01:59','2025-11-24 12:01:59'),(1368,'610328','千阳县','陕西省','宝鸡市',NULL,1,'2025-11-24 12:01:59','2025-11-24 12:01:59'),(1369,'610329','麟游县','陕西省','宝鸡市',NULL,1,'2025-11-24 12:01:59','2025-11-24 12:01:59'),(1370,'610330','凤县','陕西省','宝鸡市',NULL,1,'2025-11-24 12:01:59','2025-11-24 12:01:59'),(1371,'610331','太白县','陕西省','宝鸡市',NULL,1,'2025-11-24 12:01:59','2025-11-24 12:01:59'),(1372,'610422','武功县','陕西省','咸阳市',NULL,1,'2025-11-24 12:01:59','2025-11-24 12:01:59'),(1373,'610423','乾县','陕西省','咸阳市',NULL,1,'2025-11-24 12:01:59','2025-11-24 12:01:59'),(1374,'610424','礼泉县','陕西省','咸阳市',NULL,1,'2025-11-24 12:01:59','2025-11-24 12:01:59'),(1375,'610425','泾阳县','陕西省','咸阳市',NULL,1,'2025-11-24 12:01:59','2025-11-24 12:01:59'),(1376,'610426','三原县','陕西省','咸阳市',NULL,1,'2025-11-24 12:01:59','2025-11-24 12:01:59'),(1377,'610427','永寿县','陕西省','咸阳市',NULL,1,'2025-11-24 12:01:59','2025-11-24 12:01:59'),(1378,'610428','彬县','陕西省','咸阳市',NULL,1,'2025-11-24 12:01:59','2025-11-24 12:01:59'),(1379,'610429','长武县','陕西省','咸阳市',NULL,1,'2025-11-24 12:01:59','2025-11-24 12:01:59'),(1380,'610430','旬邑县','陕西省','咸阳市',NULL,1,'2025-11-24 12:01:59','2025-11-24 12:01:59'),(1381,'610431','淳化县','陕西省','咸阳市',NULL,1,'2025-11-24 12:01:59','2025-11-24 12:01:59'),(1382,'610522','澄城县','陕西省','渭南市',NULL,1,'2025-11-24 12:01:59','2025-11-24 12:01:59'),(1383,'610523','合阳县','陕西省','渭南市',NULL,1,'2025-11-24 12:01:59','2025-11-24 12:01:59'),(1384,'610524','大荔县','陕西省','渭南市',NULL,1,'2025-11-24 12:01:59','2025-11-24 12:01:59'),(1385,'610525','华阴市','陕西省','渭南市',NULL,1,'2025-11-24 12:01:59','2025-11-24 12:01:59'),(1386,'610526','潼关县','陕西省','渭南市',NULL,1,'2025-11-24 12:01:59','2025-11-24 12:01:59'),(1387,'610527','白水县','陕西省','渭南市',NULL,1,'2025-11-24 12:01:59','2025-11-24 12:01:59'),(1388,'610528','富平县','陕西省','渭南市',NULL,1,'2025-11-24 12:01:59','2025-11-24 12:01:59'),(1389,'610621','宝塔区','陕西省','延安市',NULL,1,'2025-11-24 12:01:59','2025-11-24 12:01:59'),(1390,'610622','延长县','陕西省','延安市',NULL,1,'2025-11-24 12:01:59','2025-11-24 12:01:59'),(1391,'610623','延川县','陕西省','延安市',NULL,1,'2025-11-24 12:01:59','2025-11-24 12:01:59'),(1392,'610624','子长县','陕西省','延安市',NULL,1,'2025-11-24 12:01:59','2025-11-24 12:01:59'),(1393,'610625','安塞县','陕西省','延安市',NULL,1,'2025-11-24 12:01:59','2025-11-24 12:01:59'),(1394,'610626','志丹县','陕西省','延安市',NULL,1,'2025-11-24 12:01:59','2025-11-24 12:01:59'),(1395,'610627','吴起县','陕西省','延安市',NULL,1,'2025-11-24 12:01:59','2025-11-24 12:01:59'),(1396,'610628','甘泉县','陕西省','延安市',NULL,1,'2025-11-24 12:01:59','2025-11-24 12:01:59'),(1397,'610629','富县','陕西省','延安市',NULL,1,'2025-11-24 12:01:59','2025-11-24 12:01:59'),(1398,'610630','洛川县','陕西省','延安市',NULL,1,'2025-11-24 12:01:59','2025-11-24 12:01:59'),(1399,'610631','宜川县','陕西省','延安市',NULL,1,'2025-11-24 12:01:59','2025-11-24 12:01:59'),(1400,'610632','黄龙县','陕西省','延安市',NULL,1,'2025-11-24 12:01:59','2025-11-24 12:01:59'),(1401,'610633','黄陵县','陕西省','延安市',NULL,1,'2025-11-24 12:01:59','2025-11-24 12:01:59'),(1402,'610721','汉台区','陕西省','汉中市',NULL,1,'2025-11-24 12:01:59','2025-11-24 12:01:59'),(1403,'610722','南郑县','陕西省','汉中市',NULL,1,'2025-11-24 12:01:59','2025-11-24 12:01:59'),(1404,'610723','城固县','陕西省','汉中市',NULL,1,'2025-11-24 12:01:59','2025-11-24 12:01:59'),(1405,'610724','洋县','陕西省','汉中市',NULL,1,'2025-11-24 12:01:59','2025-11-24 12:01:59'),(1406,'610725','西乡县','陕西省','汉中市',NULL,1,'2025-11-24 12:01:59','2025-11-24 12:01:59'),(1407,'610726','勉县','陕西省','汉中市',NULL,1,'2025-11-24 12:01:59','2025-11-24 12:01:59'),(1408,'610727','宁强县','陕西省','汉中市',NULL,1,'2025-11-24 12:01:59','2025-11-24 12:01:59'),(1409,'610821','榆阳区','陕西省','榆林市',NULL,1,'2025-11-24 12:01:59','2025-11-24 12:01:59'),(1410,'610822','神木市','陕西省','榆林市',NULL,1,'2025-11-24 12:01:59','2025-11-24 12:01:59'),(1411,'610823','府谷县','陕西省','榆林市',NULL,1,'2025-11-24 12:01:59','2025-11-24 12:01:59'),(1412,'610921','汉阴县','陕西省','安康市',NULL,1,'2025-11-24 12:01:59','2025-11-24 12:01:59'),(1413,'620121','永登县','甘肃省','兰州市',NULL,1,'2025-11-24 12:01:59','2025-11-24 12:01:59'),(1414,'620122','皋兰县','甘肃省','兰州市',NULL,1,'2025-11-24 12:01:59','2025-11-24 12:01:59'),(1415,'620123','榆中县','甘肃省','兰州市',NULL,1,'2025-11-24 12:01:59','2025-11-24 12:01:59'),(1416,'620221','永昌县','甘肃省','金昌市',NULL,1,'2025-11-24 12:01:59','2025-11-24 12:01:59'),(1417,'620321','靖远县','甘肃省','白银市',NULL,1,'2025-11-24 12:01:59','2025-11-24 12:01:59'),(1418,'620322','会宁县','甘肃省','白银市',NULL,1,'2025-11-24 12:01:59','2025-11-24 12:01:59'),(1419,'620323','景泰县','甘肃省','白银市',NULL,1,'2025-11-24 12:01:59','2025-11-24 12:01:59'),(1420,'620421','秦州区','甘肃省','天水市',NULL,1,'2025-11-24 12:01:59','2025-11-24 12:01:59'),(1421,'620422','麦积区','甘肃省','天水市',NULL,1,'2025-11-24 12:01:59','2025-11-24 12:01:59'),(1422,'620423','清水县','甘肃省','天水市',NULL,1,'2025-11-24 12:01:59','2025-11-24 12:01:59'),(1423,'620424','秦安县','甘肃省','天水市',NULL,1,'2025-11-24 12:01:59','2025-11-24 12:01:59'),(1424,'620425','甘谷县','甘肃省','天水市',NULL,1,'2025-11-24 12:01:59','2025-11-24 12:01:59'),(1425,'620426','武山县','甘肃省','天水市',NULL,1,'2025-11-24 12:01:59','2025-11-24 12:01:59'),(1426,'620427','张家川回族自治县','甘肃省','天水市',NULL,1,'2025-11-24 12:01:59','2025-11-24 12:01:59'),(1427,'620521','凉州区','甘肃省','武威市',NULL,1,'2025-11-24 12:01:59','2025-11-24 12:01:59'),(1428,'620522','民勤县','甘肃省','武威市',NULL,1,'2025-11-24 12:01:59','2025-11-24 12:01:59'),(1429,'620523','古浪县','甘肃省','武威市',NULL,1,'2025-11-24 12:01:59','2025-11-24 12:01:59'),(1430,'620524','天祝藏族自治县','甘肃省','武威市',NULL,1,'2025-11-24 12:01:59','2025-11-24 12:01:59'),(1431,'620621','甘州区','甘肃省','张掖市',NULL,1,'2025-11-24 12:01:59','2025-11-24 12:01:59'),(1432,'620622','肃南县','甘肃省','张掖市',NULL,1,'2025-11-24 12:01:59','2025-11-24 12:01:59'),(1433,'620623','民乐县','甘肃省','张掖市',NULL,1,'2025-11-24 12:01:59','2025-11-24 12:01:59'),(1434,'620624','临泽县','甘肃省','张掖市',NULL,1,'2025-11-24 12:01:59','2025-11-24 12:01:59'),(1435,'620625','高台县','甘肃省','张掖市',NULL,1,'2025-11-24 12:01:59','2025-11-24 12:01:59'),(1436,'620626','山丹县','甘肃省','张掖市',NULL,1,'2025-11-24 12:01:59','2025-11-24 12:01:59'),(1437,'620721','崆峒区','甘肃省','平凉市',NULL,1,'2025-11-24 12:01:59','2025-11-24 12:01:59'),(1438,'620722','泾川县','甘肃省','平凉市',NULL,1,'2025-11-24 12:01:59','2025-11-24 12:01:59'),(1439,'620723','灵台县','甘肃省','平凉市',NULL,1,'2025-11-24 12:01:59','2025-11-24 12:01:59'),(1440,'620724','崇信县','甘肃省','平凉市',NULL,1,'2025-11-24 12:01:59','2025-11-24 12:01:59'),(1441,'620725','华亭县','甘肃省','平凉市',NULL,1,'2025-11-24 12:01:59','2025-11-24 12:01:59'),(1442,'620726','庄浪县','甘肃省','平凉市',NULL,1,'2025-11-24 12:01:59','2025-11-24 12:01:59'),(1443,'620727','静宁县','甘肃省','平凉市',NULL,1,'2025-11-24 12:01:59','2025-11-24 12:01:59'),(1444,'620821','西峰区','甘肃省','庆阳市',NULL,1,'2025-11-24 12:01:59','2025-11-24 12:01:59'),(1445,'620822','庆城县','甘肃省','庆阳市',NULL,1,'2025-11-24 12:01:59','2025-11-24 12:01:59'),(1446,'620823','环县','甘肃省','庆阳市',NULL,1,'2025-11-24 12:01:59','2025-11-24 12:01:59'),(1447,'620824','华池县','甘肃省','庆阳市',NULL,1,'2025-11-24 12:01:59','2025-11-24 12:01:59'),(1448,'620825','合水县','甘肃省','庆阳市',NULL,1,'2025-11-24 12:01:59','2025-11-24 12:01:59'),(1449,'620826','正宁县','甘肃省','庆阳市',NULL,1,'2025-11-24 12:01:59','2025-11-24 12:01:59'),(1450,'620827','宁县','甘肃省','庆阳市',NULL,1,'2025-11-24 12:01:59','2025-11-24 12:01:59'),(1451,'620828','镇原县','甘肃省','庆阳市',NULL,1,'2025-11-24 12:01:59','2025-11-24 12:01:59'),(1452,'620921','武都区','甘肃省','陇南市',NULL,1,'2025-11-24 12:01:59','2025-11-24 12:01:59'),(1453,'620922','成县','甘肃省','陇南市',NULL,1,'2025-11-24 12:01:59','2025-11-24 12:01:59'),(1454,'620923','文县','甘肃省','陇南市',NULL,1,'2025-11-24 12:01:59','2025-11-24 12:01:59'),(1455,'620924','宕昌县','甘肃省','陇南市',NULL,1,'2025-11-24 12:01:59','2025-11-24 12:01:59'),(1456,'620925','康县','甘肃省','陇南市',NULL,1,'2025-11-24 12:01:59','2025-11-24 12:01:59'),(1457,'620926','西和县','甘肃省','陇南市',NULL,1,'2025-11-24 12:01:59','2025-11-24 12:01:59'),(1458,'620927','礼县','甘肃省','陇南市',NULL,1,'2025-11-24 12:01:59','2025-11-24 12:01:59'),(1459,'620928','徽县','甘肃省','陇南市',NULL,1,'2025-11-24 12:01:59','2025-11-24 12:01:59'),(1460,'620929','两当县','甘肃省','陇南市',NULL,1,'2025-11-24 12:01:59','2025-11-24 12:01:59'),(1461,'621021','安定区','甘肃省','定西市',NULL,1,'2025-11-24 12:01:59','2025-11-24 12:01:59'),(1462,'621022','通渭县','甘肃省','定西市',NULL,1,'2025-11-24 12:01:59','2025-11-24 12:01:59'),(1463,'621023','陇西县','甘肃省','定西市',NULL,1,'2025-11-24 12:01:59','2025-11-24 12:01:59'),(1464,'621024','渭源县','甘肃省','定西市',NULL,1,'2025-11-24 12:01:59','2025-11-24 12:01:59'),(1465,'621025','临洮县','甘肃省','定西市',NULL,1,'2025-11-24 12:01:59','2025-11-24 12:01:59'),(1466,'621026','漳县','甘肃省','定西市',NULL,1,'2025-11-24 12:01:59','2025-11-24 12:01:59'),(1467,'621027','岷县','甘肃省','定西市',NULL,1,'2025-11-24 12:01:59','2025-11-24 12:01:59'),(1468,'621124','宕昌县','甘肃省','陇南市',NULL,1,'2025-11-24 12:01:59','2025-11-24 12:01:59'),(1469,'621125','西和县','甘肃省','陇南市',NULL,1,'2025-11-24 12:01:59','2025-11-24 12:01:59'),(1470,'621126','礼县','甘肃省','陇南市',NULL,1,'2025-11-24 12:01:59','2025-11-24 12:01:59'),(1471,'621127','徽县','甘肃省','陇南市',NULL,1,'2025-11-24 12:01:59','2025-11-24 12:01:59'),(1472,'621128','两当县','甘肃省','陇南市',NULL,1,'2025-11-24 12:01:59','2025-11-24 12:01:59'),(1473,'622921','临夏市','甘肃省','临夏回族自治州',NULL,1,'2025-11-24 12:01:59','2025-11-24 12:01:59'),(1474,'622922','临夏县','甘肃省','临夏回族自治州',NULL,1,'2025-11-24 12:01:59','2025-11-24 12:01:59'),(1475,'622923','康乐县','甘肃省','临夏回族自治州',NULL,1,'2025-11-24 12:01:59','2025-11-24 12:01:59'),(1476,'622924','永靖县','甘肃省','临夏回族自治州',NULL,1,'2025-11-24 12:01:59','2025-11-24 12:01:59'),(1477,'622925','广河县','甘肃省','临夏回族自治州',NULL,1,'2025-11-24 12:01:59','2025-11-24 12:01:59'),(1478,'622926','和政县','甘肃省','临夏回族自治州',NULL,1,'2025-11-24 12:01:59','2025-11-24 12:01:59'),(1479,'622927','东乡族自治县','甘肃省','临夏回族自治州',NULL,1,'2025-11-24 12:01:59','2025-11-24 12:01:59'),(1480,'622928','积石山保安族东乡族撒拉族自治县','甘肃省','临夏回族自治州',NULL,1,'2025-11-24 12:01:59','2025-11-24 12:01:59'),(1481,'623021','合作市','甘肃省','甘南藏族自治州',NULL,1,'2025-11-24 12:01:59','2025-11-24 12:01:59'),(1482,'623022','临潭县','甘肃省','甘南藏族自治州',NULL,1,'2025-11-24 12:01:59','2025-11-24 12:01:59'),(1483,'623023','卓尼县','甘肃省','甘南藏族自治州',NULL,1,'2025-11-24 12:01:59','2025-11-24 12:01:59'),(1484,'623024','舟曲县','甘肃省','甘南藏族自治州',NULL,1,'2025-11-24 12:01:59','2025-11-24 12:01:59'),(1485,'623025','迭部县','甘肃省','甘南藏族自治州',NULL,1,'2025-11-24 12:01:59','2025-11-24 12:01:59'),(1486,'623026','玛曲县','甘肃省','甘南藏族自治州',NULL,1,'2025-11-24 12:01:59','2025-11-24 12:01:59'),(1487,'623027','碌曲县','甘肃省','甘南藏族自治州',NULL,1,'2025-11-24 12:01:59','2025-11-24 12:01:59'),(1488,'623028','夏河县','甘肃省','甘南藏族自治州',NULL,1,'2025-11-24 12:01:59','2025-11-24 12:01:59'),(1489,'623121','武都区','甘肃省','陇南市',NULL,1,'2025-11-24 12:01:59','2025-11-24 12:01:59'),(1490,'623122','成县','甘肃省','陇南市',NULL,1,'2025-11-24 12:01:59','2025-11-24 12:01:59'),(1491,'623123','文县','甘肃省','陇南市',NULL,1,'2025-11-24 12:01:59','2025-11-24 12:01:59'),(1492,'632222','祁连县','青海省','海北藏族自治州',NULL,1,'2025-11-24 12:01:59','2025-11-24 12:01:59'),(1493,'632223','海晏县','青海省','海北藏族自治州',NULL,1,'2025-11-24 12:01:59','2025-11-24 12:01:59'),(1494,'632224','刚察县','青海省','海北藏族自治州',NULL,1,'2025-11-24 12:01:59','2025-11-24 12:01:59'),(1495,'632322','同德县','青海省','海南藏族自治州',NULL,1,'2025-11-24 12:01:59','2025-11-24 12:01:59'),(1496,'632323','贵德县','青海省','海南藏族自治州',NULL,1,'2025-11-24 12:01:59','2025-11-24 12:01:59'),(1497,'632324','兴海县','青海省','海南藏族自治州',NULL,1,'2025-11-24 12:01:59','2025-11-24 12:01:59'),(1498,'632325','贵南县','青海省','海南藏族自治州',NULL,1,'2025-11-24 12:01:59','2025-11-24 12:01:59'),(1499,'632421','同仁县','青海省','黄南藏族自治州',NULL,1,'2025-11-24 12:01:59','2025-11-24 12:01:59'),(1500,'632422','尖扎县','青海省','黄南藏族自治州',NULL,1,'2025-11-24 12:01:59','2025-11-24 12:01:59'),(1501,'632423','泽库县','青海省','黄南藏族自治州',NULL,1,'2025-11-24 12:01:59','2025-11-24 12:01:59'),(1502,'632424','河南蒙古族自治县','青海省','黄南藏族自治州',NULL,1,'2025-11-24 12:01:59','2025-11-24 12:01:59'),(1503,'632622','甘德县','青海省','果洛藏族自治州',NULL,1,'2025-11-24 12:01:59','2025-11-24 12:01:59'),(1504,'632623','达日县','青海省','果洛藏族自治州',NULL,1,'2025-11-24 12:01:59','2025-11-24 12:01:59'),(1505,'632624','久治县','青海省','果洛藏族自治州',NULL,1,'2025-11-24 12:01:59','2025-11-24 12:01:59'),(1506,'632625','班玛县','青海省','果洛藏族自治州',NULL,1,'2025-11-24 12:01:59','2025-11-24 12:01:59'),(1507,'632626','玛多县','青海省','果洛藏族自治州',NULL,1,'2025-11-24 12:01:59','2025-11-24 12:01:59'),(1508,'632722','杂多县','青海省','玉树藏族自治州',NULL,1,'2025-11-24 12:01:59','2025-11-24 12:01:59'),(1509,'632723','称多县','青海省','玉树藏族自治州',NULL,1,'2025-11-24 12:01:59','2025-11-24 12:01:59'),(1510,'632724','治多县','青海省','玉树藏族自治州',NULL,1,'2025-11-24 12:01:59','2025-11-24 12:01:59'),(1511,'632725','囊谦县','青海省','玉树藏族自治州',NULL,1,'2025-11-24 12:01:59','2025-11-24 12:01:59'),(1512,'632726','曲麻莱县','青海省','玉树藏族自治州',NULL,1,'2025-11-24 12:01:59','2025-11-24 12:01:59'),(1513,'632822','德令哈市','青海省','海西蒙古族藏族自治州',NULL,1,'2025-11-24 12:01:59','2025-11-24 12:01:59'),(1514,'632823','乌兰县','青海省','海西蒙古族藏族自治州',NULL,1,'2025-11-24 12:01:59','2025-11-24 12:01:59'),(1515,'632824','都兰县','青海省','海西蒙古族藏族自治州',NULL,1,'2025-11-24 12:01:59','2025-11-24 12:01:59'),(1516,'632825','天峻县','青海省','海西蒙古族藏族自治州',NULL,1,'2025-11-24 12:01:59','2025-11-24 12:01:59'),(1517,'640423','隆德县','宁夏回族自治区','固原市',NULL,1,'2025-11-24 12:01:59','2025-11-24 12:01:59'),(1518,'640424','泾源县','宁夏回族自治区','固原市',NULL,1,'2025-11-24 12:01:59','2025-11-24 12:01:59'),(1519,'640425','彭阳县','宁夏回族自治区','固原市',NULL,1,'2025-11-24 12:01:59','2025-11-24 12:01:59'),(1520,'640521','中卫市沙坡头区','宁夏回族自治区','中卫市',NULL,1,'2025-11-24 12:01:59','2025-11-24 12:01:59'),(1521,'640522','中宁县','宁夏回族自治区','中卫市',NULL,1,'2025-11-24 12:01:59','2025-11-24 12:01:59'),(1522,'640523','海原县','宁夏回族自治区','中卫市',NULL,1,'2025-11-24 12:01:59','2025-11-24 12:01:59'),(1523,'653125','皮山县','新疆维吾尔自治区','和田地区',NULL,1,'2025-11-24 12:01:59','2025-11-24 12:01:59'),(1524,'653126','洛浦县','新疆维吾尔自治区','和田地区',NULL,1,'2025-11-24 12:01:59','2025-11-24 12:01:59'),(1525,'653127','策勒县','新疆维吾尔自治区','和田地区',NULL,1,'2025-11-24 12:01:59','2025-11-24 12:01:59'),(1526,'653128','于田县','新疆维吾尔自治区','和田地区',NULL,1,'2025-11-24 12:01:59','2025-11-24 12:01:59'),(1527,'653129','民丰县','新疆维吾尔自治区','和田地区',NULL,1,'2025-11-24 12:01:59','2025-11-24 12:01:59'),(1528,'654021','伊宁市','新疆维吾尔自治区','伊犁哈萨克自治州',NULL,1,'2025-11-24 12:01:59','2025-11-24 12:01:59'),(1529,'654022','伊宁县','新疆维吾尔自治区','伊犁哈萨克自治州',NULL,1,'2025-11-24 12:01:59','2025-11-24 12:01:59'),(1530,'654023','霍城县','新疆维吾尔自治区','伊犁哈萨克自治州',NULL,1,'2025-11-24 12:01:59','2025-11-24 12:01:59'),(1531,'654024','巩留县','新疆维吾尔自治区','伊犁哈萨克自治州',NULL,1,'2025-11-24 12:01:59','2025-11-24 12:01:59'),(1532,'654025','新源县','新疆维吾尔自治区','伊犁哈萨克自治州',NULL,1,'2025-11-24 12:01:59','2025-11-24 12:01:59'),(1533,'654026','昭苏县','新疆维吾尔自治区','伊犁哈萨克自治州',NULL,1,'2025-11-24 12:01:59','2025-11-24 12:01:59'),(1534,'654027','特克斯县','新疆维吾尔自治区','伊犁哈萨克自治州',NULL,1,'2025-11-24 12:01:59','2025-11-24 12:01:59'),(1535,'654028','尼勒克县','新疆维吾尔自治区','伊犁哈萨克自治州',NULL,1,'2025-11-24 12:01:59','2025-11-24 12:01:59'),(1536,'654029','察布查尔锡伯自治县','新疆维吾尔自治区','伊犁哈萨克自治州',NULL,1,'2025-11-24 12:01:59','2025-11-24 12:01:59'),(1537,'654221','塔城市','新疆维吾尔自治区','塔城地区',NULL,1,'2025-11-24 12:01:59','2025-11-24 12:01:59'),(1538,'654222','乌苏市','新疆维吾尔自治区','塔城地区',NULL,1,'2025-11-24 12:01:59','2025-11-24 12:01:59'),(1539,'654223','额敏县','新疆维吾尔自治区','塔城地区',NULL,1,'2025-11-24 12:01:59','2025-11-24 12:01:59'),(1540,'654224','沙湾县','新疆维吾尔自治区','塔城地区',NULL,1,'2025-11-24 12:01:59','2025-11-24 12:01:59'),(1541,'654225','托里县','新疆维吾尔自治区','塔城地区',NULL,1,'2025-11-24 12:01:59','2025-11-24 12:01:59'),(1542,'654226','裕民县','新疆维吾尔自治区','塔城地区',NULL,1,'2025-11-24 12:01:59','2025-11-24 12:01:59'),(1543,'654227','和布克赛尔蒙古自治县','新疆维吾尔自治区','塔城地区',NULL,1,'2025-11-24 12:01:59','2025-11-24 12:01:59'),(1544,'654321','阿勒泰市','新疆维吾尔自治区','阿勒泰地区',NULL,1,'2025-11-24 12:01:59','2025-11-24 12:01:59'),(1545,'654322','布尔津县','新疆维吾尔自治区','阿勒泰地区',NULL,1,'2025-11-24 12:01:59','2025-11-24 12:01:59'),(1546,'654323','富蕴县','新疆维吾尔自治区','阿勒泰地区',NULL,1,'2025-11-24 12:01:59','2025-11-24 12:01:59'),(1547,'654324','福海县','新疆维吾尔自治区','阿勒泰地区',NULL,1,'2025-11-24 12:01:59','2025-11-24 12:01:59'),(1548,'654325','哈巴河县','新疆维吾尔自治区','阿勒泰地区',NULL,1,'2025-11-24 12:01:59','2025-11-24 12:01:59'),(1549,'654326','青河县','新疆维吾尔自治区','阿勒泰地区',NULL,1,'2025-11-24 12:01:59','2025-11-24 12:01:59'),(1550,'654327','吉木乃县','新疆维吾尔自治区','阿勒泰地区',NULL,1,'2025-11-24 12:01:59','2025-11-24 12:01:59'),(1551,'659001','石河子市','新疆维吾尔自治区','新疆生产建设兵团',NULL,1,'2025-11-24 12:01:59','2025-11-24 12:01:59'),(1552,'659002','阿拉尔市','新疆维吾尔自治区','新疆生产建设兵团',NULL,1,'2025-11-24 12:01:59','2025-11-24 12:01:59'),(1553,'659003','图木舒克市','新疆维吾尔自治区','新疆生产建设兵团',NULL,1,'2025-11-24 12:01:59','2025-11-24 12:01:59'),(1554,'659004','五家渠市','新疆维吾尔自治区','新疆生产建设兵团',NULL,1,'2025-11-24 12:01:59','2025-11-24 12:01:59');
/*!40000 ALTER TABLE `origin_area` ENABLE KEYS */;
UNLOCK TABLES;

--
-- Table structure for table `payment_record`
--

DROP TABLE IF EXISTS `payment_record`;
/*!40101 SET @saved_cs_client     = @@character_set_client */;
/*!50503 SET character_set_client = utf8mb4 */;
CREATE TABLE `payment_record` (
  `id` bigint NOT NULL COMMENT '支付ID（雪花算法）',
  `order_id` bigint NOT NULL COMMENT '关联订单',
  `payment_no` varchar(100) DEFAULT NULL COMMENT '支付流水号',
  `payment_stage` varchar(50) NOT NULL COMMENT '支付阶段（如“预付款”“尾款”）',
  `amount` decimal(12,2) NOT NULL COMMENT '支付金额',
  `payment_method` enum('bank_transfer','alipay','wechat') NOT NULL COMMENT '支付方式',
  `status` enum('pending','success','failed') DEFAULT 'pending' COMMENT '支付状态',
  `payment_time` datetime DEFAULT NULL COMMENT '支付时间',
  `voucher_url` varchar(500) DEFAULT NULL COMMENT '支付凭证URL（如转账截图）',
  `create_time` timestamp NULL DEFAULT CURRENT_TIMESTAMP,
  `update_time` timestamp NULL DEFAULT CURRENT_TIMESTAMP ON UPDATE CURRENT_TIMESTAMP,
  PRIMARY KEY (`id`),
  UNIQUE KEY `payment_no` (`payment_no`),
  KEY `fk_payment_order` (`order_id`),
  KEY `idx_payment_status` (`status`),
  CONSTRAINT `fk_payment_order` FOREIGN KEY (`order_id`) REFERENCES `purchase_order` (`id`) ON DELETE RESTRICT
) ENGINE=InnoDB DEFAULT CHARSET=utf8mb4 COLLATE=utf8mb4_0900_ai_ci COMMENT='支付记录表（支持分阶段）';
/*!40101 SET character_set_client = @saved_cs_client */;

--
-- Dumping data for table `payment_record`
--

LOCK TABLES `payment_record` WRITE;
/*!40000 ALTER TABLE `payment_record` DISABLE KEYS */;
/*!40000 ALTER TABLE `payment_record` ENABLE KEYS */;
UNLOCK TABLES;

--
-- Table structure for table `product_category`
--

DROP TABLE IF EXISTS `product_category`;
/*!40101 SET @saved_cs_client     = @@character_set_client */;
/*!50503 SET character_set_client = utf8mb4 */;
CREATE TABLE `product_category` (
  `id` bigint NOT NULL COMMENT '分类ID（雪花算法）',
  `name` varchar(50) NOT NULL COMMENT '分类名称（如“蔬菜”“禽蛋”“粮油”）',
  `parent_id` bigint DEFAULT NULL COMMENT '父分类ID（顶级分类为null）',
  `attribute` json DEFAULT NULL COMMENT '分类属性（如蔬菜：{"freshness":"新鲜度","storage":"储存方式"}）',
  `status` enum('active','inactive') DEFAULT 'active',
  `create_time` timestamp NULL DEFAULT CURRENT_TIMESTAMP,
  `update_time` timestamp NULL DEFAULT CURRENT_TIMESTAMP ON UPDATE CURRENT_TIMESTAMP COMMENT '更新时间',
  PRIMARY KEY (`id`),
  KEY `idx_parent_id` (`parent_id`) COMMENT '查询子分类'
) ENGINE=InnoDB DEFAULT CHARSET=utf8mb4 COLLATE=utf8mb4_0900_ai_ci COMMENT='农副产品分类表';
/*!40101 SET character_set_client = @saved_cs_client */;

--
-- Dumping data for table `product_category`
--

LOCK TABLES `product_category` WRITE;
/*!40000 ALTER TABLE `product_category` DISABLE KEYS */;
INSERT INTO `product_category` VALUES (33,'水产品',47,'{\"key\": \"et ea quis culpa\"}','active','1998-01-10 11:20:30','2025-12-02 17:30:39'),(35,'水果',96,'{\"key\": \"culpa esse mollit\"}','active','1974-07-13 04:04:34','2025-12-02 17:30:39'),(36,'粮食作物',96,'{\"key\": \"grain_crop_main\"}','active','2025-12-03 14:40:00','2025-12-03 14:39:37'),(37,'冬小麦',36,'{\"key\": \"winter_wheat\"}','active','2025-12-03 14:41:00','2025-12-03 14:40:05'),(38,'杂交水稻',36,'{\"key\": \"hybrid_rice\"}','active','2025-12-03 14:42:00','2025-12-03 14:40:13'),(39,'甜玉米',36,'{\"key\": \"sweet_corn\"}','active','2025-12-03 14:43:00','2025-12-03 14:40:20'),(40,'新鲜蔬菜',96,'{\"key\": \"fresh_vegetable_main\"}','active','2025-12-03 14:44:00','2025-12-03 14:40:39'),(41,'有机黄瓜',40,'{\"key\": \"organic_cucumber\"}','active','2025-12-03 14:45:00','2025-12-03 14:40:46'),(42,'圣女果',40,'{\"key\": \"cherry_tomato\"}','active','2025-12-03 14:46:00','2025-12-03 14:40:53'),(43,'西兰花',40,'{\"key\": \"broccoli\"}','active','2025-12-03 14:47:00','2025-12-03 14:41:01'),(44,'特色水果',96,'{\"key\": \"special_fruit_main\"}','active','2025-12-03 14:48:00','2025-12-03 14:41:11'),(45,'阳光玫瑰葡萄',44,'{\"key\": \"shine_muscat\"}','active','2025-12-03 14:49:00','2025-12-03 14:41:19'),(46,'突尼斯软籽石榴',44,'{\"key\": \"tunisian_pomegranate\"}','active','2025-12-03 14:50:00','2025-12-03 14:41:31'),(47,'耙耙柑',44,'{\"key\": \"papa_mandarin\"}','active','2025-12-03 14:51:00','2025-12-03 14:41:42'),(48,'畜禽产品',96,'{\"key\": \"livestock_product_main\"}','active','2025-12-03 14:52:00','2025-12-03 14:41:50'),(49,'散养土鸡',48,'{\"key\": \"free_range_chicken\"}','active','2025-12-03 14:53:00','2025-12-03 14:41:59'),(50,'黑猪肉',48,'{\"key\": \"black_pork\"}','active','2025-12-03 14:54:00','2025-12-03 14:42:06'),(51,'土鸡蛋',48,'{\"key\": \"local_egg\"}','active','2025-12-03 14:55:00','2025-12-03 14:42:14'),(53,'鲜活对虾',33,'{\"key\": \"fresh_prawn\"}','active','2025-12-03 14:57:00','2025-12-03 14:43:24'),(54,'生态草鱼',33,'{\"key\": \"ecological_grass_carp\"}','active','2025-12-03 14:58:00','2025-12-03 14:43:35'),(55,'冷冻鱿鱼',33,'{\"key\": \"frozen_squid\"}','active','2025-12-03 14:59:00','2025-12-03 14:43:45');
/*!40000 ALTER TABLE `product_category` ENABLE KEYS */;
UNLOCK TABLES;

--
-- Table structure for table `product_image`
--

DROP TABLE IF EXISTS `product_image`;
/*!40101 SET @saved_cs_client     = @@character_set_client */;
/*!50503 SET character_set_client = utf8mb4 */;
CREATE TABLE `product_image` (
  `id` bigint NOT NULL COMMENT '图片ID（雪花算法）',
  `product_id` bigint NOT NULL COMMENT '关联产品',
  `image_url` varchar(500) NOT NULL COMMENT '图片URL',
  `image_type` enum('cover','production','detail') NOT NULL COMMENT '类型：封面/生产场景/细节',
  `sort` int DEFAULT '0' COMMENT '排序（值越小越靠前）',
  `create_time` timestamp NULL DEFAULT CURRENT_TIMESTAMP,
  PRIMARY KEY (`id`),
  KEY `fk_image_product` (`product_id`),
  CONSTRAINT `fk_image_product` FOREIGN KEY (`product_id`) REFERENCES `farmer_product` (`id`) ON DELETE CASCADE
) ENGINE=InnoDB DEFAULT CHARSET=utf8mb4 COLLATE=utf8mb4_0900_ai_ci COMMENT='产品图片表';
/*!40101 SET character_set_client = @saved_cs_client */;

--
-- Dumping data for table `product_image`
--

LOCK TABLES `product_image` WRITE;
/*!40000 ALTER TABLE `product_image` DISABLE KEYS */;
INSERT INTO `product_image` VALUES (1996121345086640129,1996121339403358209,'oss-cn-beijing.aliyuncs.com/img//product-images/2025-12-03/8b2c1243-a8ad-42a3-90ab-f0640b35a73c.jpeg','cover',0,'2025-12-03 07:36:29'),(1996164769189908482,1996164764056080386,'oss-cn-beijing.aliyuncs.com/img//product-images/2025-12-03/da6fa5e2-7ab7-4611-9ce2-03f8bc8c5c95.jpg','cover',0,'2025-12-03 10:29:03'),(1996232431282606081,1996232429525192705,'oss-cn-beijing.aliyuncs.com/img//product-images/2025-12-03/52fb636b-c27a-465d-865b-c08b78636a49.jpeg','cover',0,'2025-12-03 14:57:54'),(1996232781670567937,1996232780408082434,'oss-cn-beijing.aliyuncs.com/img//product-images/2025-12-03/51bcd607-066d-4900-b169-5a2849dfc55b.jpeg','cover',0,'2025-12-03 14:59:18'),(1996233233497772034,1996233232709242882,'oss-cn-beijing.aliyuncs.com/img//product-images/2025-12-03/4f637c2c-ebc4-4471-83d6-64346423acda.jpg','cover',0,'2025-12-03 15:01:06'),(1996235192967548929,1996235191730229250,'oss-cn-beijing.aliyuncs.com/img//product-images/2025-12-03/583d8264-17de-4b6e-8a2c-0bf888f901b6.jpeg','cover',0,'2025-12-03 15:08:53'),(1996236242093002753,1996236240461418498,'oss-cn-beijing.aliyuncs.com/img//product-images/2025-12-03/077e4299-1c91-4ffb-9c20-f2866301bb66.jpg','cover',0,'2025-12-03 15:13:03'),(1996237294364184578,1996237289310048257,'oss-cn-beijing.aliyuncs.com/img//product-images/2025-12-03/411094ca-941e-4e4d-8296-31ce0565d7e4.png','cover',0,'2025-12-03 15:17:14'),(1996237717976305665,1996237717321994241,'oss-cn-beijing.aliyuncs.com/img//product-images/2025-12-03/cb47e606-6d02-4a38-8b14-ba6bd7d51823.jpeg','cover',0,'2025-12-03 15:18:55');
/*!40000 ALTER TABLE `product_image` ENABLE KEYS */;
UNLOCK TABLES;

--
-- Table structure for table `purchase_contract`
--

DROP TABLE IF EXISTS `purchase_contract`;
/*!40101 SET @saved_cs_client     = @@character_set_client */;
/*!50503 SET character_set_client = utf8mb4 */;
CREATE TABLE `purchase_contract` (
  `id` bigint NOT NULL COMMENT '合同ID（雪花算法）',
  `contract_no` varchar(50) NOT NULL COMMENT '合同编号',
  `docking_id` bigint NOT NULL COMMENT '关联对接记录',
  `purchaser_id` bigint NOT NULL COMMENT '采购方',
  `farmer_id` bigint NOT NULL COMMENT '农户',
  `product_id` bigint NOT NULL COMMENT '产品ID',
  `product_info` json NOT NULL COMMENT '产品信息（如{"name":"土豆","spec":"100-200g","quantity":5000,"unit":"kg","price":2.8}）',
  `quantity` int NOT NULL COMMENT '产品数量',
  `total_amount` decimal(12,2) NOT NULL COMMENT '合同总金额',
  `payment_terms` varchar(500) NOT NULL COMMENT '付款方式（如“预付30%，收货后付70%”）',
  `delivery_time` date NOT NULL COMMENT '交货时间',
  `delivery_address` varchar(300) NOT NULL COMMENT '交货地址',
  `quality_standards` text COMMENT '质量标准（如“符合GB 2763-2021”）',
  `breach_terms` text COMMENT '违约责任',
  `farmer_sign_url` varchar(500) DEFAULT NULL COMMENT '农户签字/盖章扫描件',
  `purchaser_sign_url` varchar(500) DEFAULT NULL COMMENT '采购方签字/盖章扫描件',
  `status` enum('draft','signed','executing','completed','terminated') DEFAULT 'draft' COMMENT '合同状态',
  `create_time` timestamp NULL DEFAULT CURRENT_TIMESTAMP,
  `update_time` timestamp NULL DEFAULT CURRENT_TIMESTAMP ON UPDATE CURRENT_TIMESTAMP,
  PRIMARY KEY (`id`),
  UNIQUE KEY `contract_no` (`contract_no`),
  KEY `fk_contract_docking` (`docking_id`),
  KEY `fk_contract_purchaser` (`purchaser_id`),
  KEY `fk_contract_farmer` (`farmer_id`),
  KEY `idx_contract_status` (`status`),
  KEY `idx_contract_no` (`contract_no`),
  KEY `fk_contract_product` (`product_id`),
  CONSTRAINT `fk_contract_docking` FOREIGN KEY (`docking_id`) REFERENCES `docking_record` (`id`) ON DELETE RESTRICT,
  CONSTRAINT `fk_contract_farmer` FOREIGN KEY (`farmer_id`) REFERENCES `farmer_info` (`id`) ON DELETE RESTRICT,
  CONSTRAINT `fk_contract_product` FOREIGN KEY (`product_id`) REFERENCES `farmer_product` (`id`) ON DELETE RESTRICT,
  CONSTRAINT `fk_contract_purchaser` FOREIGN KEY (`purchaser_id`) REFERENCES `purchaser_info` (`id`) ON DELETE RESTRICT
) ENGINE=InnoDB DEFAULT CHARSET=utf8mb4 COLLATE=utf8mb4_0900_ai_ci COMMENT='采购合同表';
/*!40101 SET character_set_client = @saved_cs_client */;

--
-- Dumping data for table `purchase_contract`
--

LOCK TABLES `purchase_contract` WRITE;
/*!40000 ALTER TABLE `purchase_contract` DISABLE KEYS */;
INSERT INTO `purchase_contract` VALUES (1996165700000000001,'CON20251203001',1996165636320317441,1,6,1996164764056080386,'{\"spec\": \"条\", \"category\": \"水产\", \"quote_price\": 30.0, \"product_name\": \"大虾\"}',300,9000.00,'预付款30%（2700元），交货验收后7日内付清尾款（6300元）','1997-01-14','所路80号','大虾需新鲜无异味，规格为完整条装，无断节、变质现象，符合国家水产食品安全标准','1.逾期交货：每日按合同总金额0.5%支付滞纳金；2.质量不符：需无条件退换货并赔偿损失；3.违约方承担守约方因此产生的诉讼费、律师费等','https://sign.example.com/farmer/6_CON20251203001.pdf','https://sign.example.com/purchaser/1_CON20251203001.pdf','signed','2025-12-03 10:35:00','2025-12-03 10:35:00');
/*!40000 ALTER TABLE `purchase_contract` ENABLE KEYS */;
UNLOCK TABLES;

--
-- Table structure for table `purchase_demand`
--

DROP TABLE IF EXISTS `purchase_demand`;
/*!40101 SET @saved_cs_client     = @@character_set_client */;
/*!50503 SET character_set_client = utf8mb4 */;
CREATE TABLE `purchase_demand` (
  `id` bigint NOT NULL COMMENT '需求ID（雪花算法）',
  `purchaser_id` bigint NOT NULL COMMENT '发布方（关联purchaser_info）',
  `category_id` bigint NOT NULL COMMENT '需求产品分类',
  `product_name` varchar(100) NOT NULL COMMENT '需求产品名称（如“新鲜土豆”）',
  `spec_require` varchar(200) DEFAULT NULL COMMENT '规格要求（如“单个重100-200g”）',
  `quantity` int NOT NULL COMMENT '需求数量',
  `unit` varchar(20) NOT NULL COMMENT '数量单位（如“kg”）',
  `price_range` varchar(50) DEFAULT NULL COMMENT '价格范围（如“2.5-3.0元/kg”）',
  `delivery_date` date NOT NULL COMMENT '期望交货日期',
  `delivery_address` varchar(300) NOT NULL COMMENT '交货地点',
  `quality_require` text COMMENT '质量要求（如“无农残”“符合GB 2763标准”）',
  `status` enum('pending','matched','closed') DEFAULT 'pending' COMMENT '状态：待匹配/已匹配/已关闭',
  `create_time` timestamp NULL DEFAULT CURRENT_TIMESTAMP,
  `update_time` timestamp NULL DEFAULT CURRENT_TIMESTAMP ON UPDATE CURRENT_TIMESTAMP,
  PRIMARY KEY (`id`),
  KEY `fk_demand_purchaser` (`purchaser_id`),
  KEY `fk_demand_category` (`category_id`),
  KEY `idx_demand_status_date` (`status`,`delivery_date`) COMMENT '按状态和交货日期筛选',
  CONSTRAINT `fk_demand_category` FOREIGN KEY (`category_id`) REFERENCES `product_category` (`id`) ON DELETE RESTRICT,
  CONSTRAINT `fk_demand_purchaser` FOREIGN KEY (`purchaser_id`) REFERENCES `purchaser_info` (`id`) ON DELETE CASCADE
) ENGINE=InnoDB DEFAULT CHARSET=utf8mb4 COLLATE=utf8mb4_0900_ai_ci COMMENT='采购方需求发布表';
/*!40101 SET character_set_client = @saved_cs_client */;

--
-- Dumping data for table `purchase_demand`
--

LOCK TABLES `purchase_demand` WRITE;
/*!40000 ALTER TABLE `purchase_demand` DISABLE KEYS */;
INSERT INTO `purchase_demand` VALUES (1995927901416357890,1,33,'贼好吃的大鱿鱼','non',6802,'ullamco in','729.60','2013-11-20','所路80号','magna pariatur et quis ad','pending','2025-12-02 18:47:49','2025-12-02 18:47:49'),(1995928354069839874,1,33,'大虾','non',300,'条','729.60','2013-11-20','所路80号','magna pariatur et quis ad','pending','2025-12-02 18:49:37','2025-12-02 18:49:37'),(1996162136169435138,1,35,'香蕉','15cm',300,'公斤','10-20','2013-11-20','中关村大街59号','个大肉甜','pending','2025-12-03 10:18:35','2025-12-03 10:18:35'),(1996162524721369090,1,35,'香蕉','15cm',300,'公斤','10-20','2013-11-20','中关村大街59号','个大肉甜','pending','2025-12-03 10:20:07','2025-12-03 10:20:07'),(1996230167843229697,4,33,'鲜活对虾','20-25cm',500,'公斤','80-100','2025-12-10','上海市浦东新区张江高科技园区','鲜活无异味，规格均匀','pending','2025-12-03 14:48:55','2025-12-03 14:48:55'),(1996230206099476481,4,36,'冬小麦','一等品',2000,'吨','2800-3000','2026-01-15','河南省郑州市中牟县粮食储备库','含水率≤12.5%，杂质≤1%','pending','2025-12-03 14:49:04','2025-12-03 14:49:04'),(1996230243005157378,4,40,'有机黄瓜','25-30cm',800,'箱','40-50','2025-12-05','北京市朝阳区三里屯生鲜超市','有机认证，无农药残留，鲜嫩脆爽','pending','2025-12-03 14:49:13','2025-12-03 14:49:13'),(1996230273963315202,4,44,'阳光玫瑰葡萄','串重1.5kg以上',1000,'箱','120-150','2025-12-20','广州市天河区高端水果店','甜度≥18度，无籽，果粒饱满','pending','2025-12-03 14:49:20','2025-12-03 14:49:20'),(1996230308822175745,4,48,'散养土鸡','净重2-2.5kg',300,'只','80-100','2025-12-08','杭州市西湖区餐饮连锁店','散养180天以上，肉质紧实，无抗生素','pending','2025-12-03 14:49:28','2025-12-03 14:49:28'),(1996230390523023362,4,33,'冷冻鱿鱼','单只300g以上',1200,'件','60-70','2025-12-15','青岛市黄岛区水产批发市场','解冻后无失水，肉质Q弹，无异味','pending','2025-12-03 14:49:48','2025-12-03 14:49:48'),(1996230429819457538,4,36,'杂交水稻','国标一级',3000,'吨','3100-3300','2026-02-01','湖南省长沙市粮食加工厂','出米率≥70%，整精米率≥60%','pending','2025-12-03 14:49:57','2025-12-03 14:49:57'),(1996230460693729281,4,40,'西兰花','单球重400g以上',600,'箱','35-45','2025-12-03','深圳市南山区生鲜配送中心','花球紧实，颜色深绿，无病虫害','pending','2025-12-03 14:50:05','2025-12-03 14:50:05'),(1996230505753137153,4,44,'突尼斯软籽石榴','单果重500g以上',1500,'箱','80-100','2025-12-25','西安市雁塔区水果批发市场','籽软可食，甜度≥16度，果皮光亮','pending','2025-12-03 14:50:15','2025-12-03 14:50:15'),(1996230534731583489,4,48,'土鸡蛋','单枚50g以上',5000,'盒','1.5-2','2025-12-06','南京市玄武区社区团购中心','散养土鸡蛋，蛋黄橙黄，无抗生素残留','pending','2025-12-03 14:50:22','2025-12-03 14:50:22');
/*!40000 ALTER TABLE `purchase_demand` ENABLE KEYS */;
UNLOCK TABLES;

--
-- Table structure for table `purchase_order`
--

DROP TABLE IF EXISTS `purchase_order`;
/*!40101 SET @saved_cs_client     = @@character_set_client */;
/*!50503 SET character_set_client = utf8mb4 */;
CREATE TABLE `purchase_order` (
  `id` bigint NOT NULL COMMENT '订单ID（雪花算法）',
  `order_no` varchar(50) NOT NULL COMMENT '订单编号',
  `contract_id` bigint NOT NULL COMMENT '关联合同',
  `product_id` bigint NOT NULL COMMENT '产品ID',
  `product_info` json NOT NULL COMMENT '订单产品信息（同合同）',
  `quantity` int NOT NULL COMMENT '订单数量',
  `total_amount` decimal(12,2) NOT NULL COMMENT '订单总金额',
  `farmer_id` bigint NOT NULL COMMENT '农户ID',
  `purchaser_id` bigint NOT NULL COMMENT '采购方ID',
  `remark` varchar(500) DEFAULT NULL COMMENT '订单备注',
  `actual_quantity` int DEFAULT NULL COMMENT '实际交货数量',
  `actual_amount` decimal(12,2) DEFAULT NULL COMMENT '实际结算金额',
  `status` enum('pending','pending_inspection','delivered','paid','completed','cancelled') DEFAULT 'pending' COMMENT '订单状态',
  `delivery_time` datetime DEFAULT NULL COMMENT '实际交货时间',
  `inspection_result` text COMMENT '验收结果',
  `create_time` timestamp NULL DEFAULT CURRENT_TIMESTAMP,
  `update_time` timestamp NULL DEFAULT CURRENT_TIMESTAMP ON UPDATE CURRENT_TIMESTAMP,
  PRIMARY KEY (`id`),
  UNIQUE KEY `order_no` (`order_no`),
  KEY `fk_order_contract` (`contract_id`),
  KEY `idx_order_status` (`status`),
  KEY `idx_order_no` (`order_no`),
  KEY `fk_order_product` (`product_id`),
  KEY `fk_order_farmer` (`farmer_id`),
  KEY `fk_order_purchaser` (`purchaser_id`),
  CONSTRAINT `fk_order_contract` FOREIGN KEY (`contract_id`) REFERENCES `purchase_contract` (`id`) ON DELETE RESTRICT,
  CONSTRAINT `fk_order_farmer` FOREIGN KEY (`farmer_id`) REFERENCES `farmer_info` (`id`) ON DELETE RESTRICT,
  CONSTRAINT `fk_order_product` FOREIGN KEY (`product_id`) REFERENCES `farmer_product` (`id`) ON DELETE RESTRICT,
  CONSTRAINT `fk_order_purchaser` FOREIGN KEY (`purchaser_id`) REFERENCES `purchaser_info` (`id`) ON DELETE RESTRICT
) ENGINE=InnoDB DEFAULT CHARSET=utf8mb4 COLLATE=utf8mb4_0900_ai_ci COMMENT='采购订单表（合同执行凭证）';
/*!40101 SET character_set_client = @saved_cs_client */;

--
-- Dumping data for table `purchase_order`
--

LOCK TABLES `purchase_order` WRITE;
/*!40000 ALTER TABLE `purchase_order` DISABLE KEYS */;
/*!40000 ALTER TABLE `purchase_order` ENABLE KEYS */;
UNLOCK TABLES;

--
-- Table structure for table `purchaser_info`
--

DROP TABLE IF EXISTS `purchaser_info`;
/*!40101 SET @saved_cs_client     = @@character_set_client */;
/*!50503 SET character_set_client = utf8mb4 */;
CREATE TABLE `purchaser_info` (
  `id` bigint NOT NULL COMMENT '采购方信息ID（雪花算法）',
  `user_id` bigint NOT NULL COMMENT '关联用户表（role=purchaser）',
  `company_name` varchar(100) NOT NULL COMMENT '企业名称',
  `company_type` varchar(50) DEFAULT NULL COMMENT '企业类型（如“食品加工厂”“超市连锁”“电商平台”）',
  `business_license_url` varchar(500) NOT NULL COMMENT '营业执照URL',
  `purchase_scale` varchar(200) DEFAULT NULL COMMENT '采购规模（如“月采购量10吨以上”）',
  `preferred_origin` json DEFAULT NULL COMMENT '偏好产地（如["山东","河南"]）',
  `legal_representative` varchar(100) NOT NULL COMMENT '法定代表人',
  `apply_reason` text COMMENT '认证申请说明',
  `audit_status` enum('pending','approved','rejected') DEFAULT 'pending' COMMENT '资质审核状态',
  `audit_remark` varchar(500) DEFAULT NULL COMMENT '审核备注',
  `approved_time` datetime DEFAULT NULL COMMENT '批准时间',
  `create_time` timestamp NULL DEFAULT CURRENT_TIMESTAMP,
  `update_time` timestamp NULL DEFAULT CURRENT_TIMESTAMP ON UPDATE CURRENT_TIMESTAMP,
  PRIMARY KEY (`id`),
  UNIQUE KEY `user_id` (`user_id`),
  KEY `idx_purchaser_audit` (`audit_status`),
  CONSTRAINT `fk_purchaser_user` FOREIGN KEY (`user_id`) REFERENCES `user` (`id`) ON DELETE CASCADE
) ENGINE=InnoDB DEFAULT CHARSET=utf8mb4 COLLATE=utf8mb4_0900_ai_ci COMMENT='采购方企业信息表（包含认证信息）';
/*!40101 SET character_set_client = @saved_cs_client */;

--
-- Dumping data for table `purchaser_info`
--

LOCK TABLES `purchaser_info` WRITE;
/*!40000 ALTER TABLE `purchaser_info` DISABLE KEYS */;
INSERT INTO `purchaser_info` VALUES (1,1714238901234,'张伟农产品采购有限公司','食品贸易','https://aspes-licenses.com/1714238901234.jpg','月采购量10-50吨','[\"山东\", \"河南\", \"河北\"]','张伟','开展农产品批量采购业务','approved',NULL,NULL,'2025-12-02 18:09:05','2025-12-02 18:09:05'),(2,1714238901235,'李娜食品采购中心','餐饮供应链','https://aspes-licenses.com/1714238901235.jpg','月采购量5-20吨','[\"江苏\", \"浙江\", \"安徽\"]','李娜','为餐饮客户提供新鲜食材','approved',NULL,NULL,'2025-12-02 18:09:05','2025-12-02 18:09:05'),(3,1714238901236,'王芳农副产品贸易公司','农产品批发','https://aspes-licenses.com/1714238901236.jpg','月采购量50-100吨','[\"黑龙江\", \"吉林\", \"辽宁\"]','王芳','从事大宗农产品批发业务','approved',NULL,NULL,'2025-12-02 18:09:05','2025-12-02 18:09:05'),(4,1714238901237,'刘强农业发展有限公司','食品加工','https://aspes-licenses.com/1714238901237.jpg','月采购量30-80吨','[\"山东\", \"山西\", \"陕西\"]','刘强','农产品深加工原料采购','approved',NULL,NULL,'2025-12-02 18:09:05','2025-12-02 18:09:05'),(5,1714238901238,'赵敏生鲜采购配送中心','生鲜配送','https://aspes-licenses.com/1714238901238.jpg','月采购量8-30吨','[\"广东\", \"广西\", \"福建\"]','赵敏','为超市提供生鲜配送服务','approved',NULL,NULL,'2025-12-02 18:09:05','2025-12-02 18:09:05'),(6,1714238901239,'陈杰农产品采购商行','个体批发','https://aspes-licenses.com/1714238901239.jpg','月采购量3-15吨','[\"四川\", \"重庆\", \"贵州\"]','陈杰','本地农产品批发零售','approved',NULL,NULL,'2025-12-02 18:09:05','2025-12-02 18:09:05'),(7,1714238901240,'杨颖食品原料采购公司','食品制造','https://aspes-licenses.com/1714238901240.jpg','月采购量20-50吨','[\"湖北\", \"湖南\", \"江西\"]','杨颖','食品生产原料采购','approved',NULL,NULL,'2025-12-02 18:09:05','2025-12-02 18:09:05'),(8,1714238901241,'周强农副产品供应链公司','供应链管理','https://aspes-licenses.com/1714238901241.jpg','月采购量40-90吨','[\"内蒙古\", \"宁夏\", \"甘肃\"]','周强','农产品供应链整合服务','approved',NULL,NULL,'2025-12-02 18:09:05','2025-12-02 18:09:05'),(9,1714238901242,'吴敏生鲜贸易有限公司','生鲜电商','https://aspes-licenses.com/1714238901242.jpg','月采购量15-40吨','[\"上海\", \"江苏\", \"浙江\"]','吴敏','电商平台生鲜产品采购','approved',NULL,NULL,'2025-12-02 18:09:05','2025-12-02 18:09:05'),(10,1714238901243,'郑浩农业采购有限公司','农业合作社','https://aspes-licenses.com/1714238901243.jpg','月采购量25-60吨','[\"山东\", \"河南\", \"安徽\"]','郑浩','合作社农产品统一采购','approved',NULL,NULL,'2025-12-02 18:09:05','2025-12-02 18:09:05'),(11,1714238901244,'马丽农产品批发中心','综合批发','https://aspes-licenses.com/1714238901244.jpg','月采购量10-35吨','[\"河北\", \"天津\", \"北京\"]','马丽','综合农产品批发业务','approved',NULL,NULL,'2025-12-02 18:09:05','2025-12-02 18:09:05'),(12,1714238901245,'朱伟食品采购有限公司','餐饮采购','https://aspes-licenses.com/1714238901245.jpg','月采购量6-25吨','[\"广东\", \"海南\", \"云南\"]','朱伟','连锁餐饮食材采购','approved',NULL,NULL,'2025-12-02 18:09:05','2025-12-02 18:09:05'),(13,1714238901246,'胡杰农副产品贸易商行','个体贸易','https://aspes-licenses.com/1714238901246.jpg','月采购量2-10吨','[\"陕西\", \"甘肃\", \"青海\"]','胡杰','区域农产品贸易','approved',NULL,NULL,'2025-12-02 18:09:05','2025-12-02 18:09:05'),(14,1714238901247,'林颖生鲜配送有限公司','冷链配送','https://aspes-licenses.com/1714238901247.jpg','月采购量12-38吨','[\"浙江\", \"福建\", \"江西\"]','林颖','生鲜冷链配送服务','approved',NULL,NULL,'2025-12-02 18:09:05','2025-12-02 18:09:05'),(15,1714238901248,'郭强农业发展中心','农产品种植','https://aspes-licenses.com/1714238901248.jpg','月采购量18-45吨','[\"山东\", \"江苏\", \"安徽\"]','郭强','自有基地+外部采购','approved',NULL,NULL,'2025-12-02 18:09:05','2025-12-02 18:09:05'),(16,1714238901249,'何敏食品原料贸易公司','原料批发','https://aspes-licenses.com/1714238901249.jpg','月采购量22-55吨','[\"河南\", \"湖北\", \"湖南\"]','何敏','食品原料批量采购','approved',NULL,NULL,'2025-12-02 18:09:05','2025-12-02 18:09:05'),(17,1714238901250,'高浩农副产品采购公司','批发零售','https://aspes-licenses.com/1714238901250.jpg','月采购量9-28吨','[\"四川\", \"云南\", \"西藏\"]','高浩','农产品批发零售业务','approved',NULL,NULL,'2025-12-02 18:09:05','2025-12-02 18:09:05'),(18,1714238901251,'罗丽生鲜超市采购中心','超市采购','https://aspes-licenses.com/1714238901251.jpg','月采购量16-42吨','[\"广东\", \"广西\", \"海南\"]','罗丽','连锁超市生鲜采购','approved',NULL,NULL,'2025-12-02 18:09:05','2025-12-02 18:09:05'),(19,1714238901252,'梁伟农业贸易有限公司','国际贸易','https://aspes-licenses.com/1714238901252.jpg','月采购量50-120吨','[\"山东\", \"辽宁\", \"山东\"]','梁伟','农产品进出口贸易','approved',NULL,NULL,'2025-12-02 18:09:05','2025-12-02 18:09:05'),(20,1714238901253,'宋杰食品采购中心','食品加工','https://aspes-licenses.com/1714238901253.jpg','月采购量25-60吨','[\"江苏\", \"安徽\", \"山东\"]','宋杰','食品加工原料采购','approved',NULL,NULL,'2025-12-02 18:09:05','2025-12-02 18:09:05'),(21,1714238901254,'谢颖农副产品配送公司','配送服务','https://aspes-licenses.com/1714238901254.jpg','月采购量10-30吨','[\"浙江\", \"江苏\", \"上海\"]','谢颖','农产品配送服务','approved',NULL,NULL,'2025-12-02 18:09:05','2025-12-02 18:09:05'),(22,1714238901255,'韩强农业采购商行','个体采购','https://aspes-licenses.com/1714238901255.jpg','月采购量4-18吨','[\"河北\", \"山东\", \"山西\"]','韩强','本地农产品采购','approved',NULL,NULL,'2025-12-02 18:09:05','2025-12-02 18:09:05'),(23,1714238901256,'唐敏生鲜贸易中心','生鲜批发','https://aspes-licenses.com/1714238901256.jpg','月采购量14-40吨','[\"广东\", \"福建\", \"台湾\"]','唐敏','生鲜产品批发','approved',NULL,NULL,'2025-12-02 18:09:05','2025-12-02 18:09:05'),(24,1714238901257,'徐浩农产品供应链公司','供应链服务','https://aspes-licenses.com/1714238901257.jpg','月采购量30-75吨','[\"河南\", \"山东\", \"安徽\"]','徐浩','农产品供应链整合','approved',NULL,NULL,'2025-12-02 18:09:05','2025-12-02 18:09:05'),(25,1714238901258,'孙丽食品采购有限公司','餐饮供应链','https://aspes-licenses.com/1714238901258.jpg','月采购量8-28吨','[\"四川\", \"重庆\", \"湖北\"]','孙丽','餐饮连锁食材供应','approved',NULL,NULL,'2025-12-02 18:09:05','2025-12-02 18:09:05'),(26,1714238901259,'袁伟农副产品贸易公司','综合贸易','https://aspes-licenses.com/1714238901259.jpg','月采购量18-50吨','[\"湖南\", \"江西\", \"广东\"]','袁伟','农产品综合贸易','approved',NULL,NULL,'2025-12-02 18:09:05','2025-12-02 18:09:05'),(27,1714238901260,'蔡杰农业发展有限公司','种植采购','https://aspes-licenses.com/1714238901260.jpg','月采购量22-60吨','[\"浙江\", \"江苏\", \"安徽\"]','蔡杰','农产品种植与采购','approved',NULL,NULL,'2025-12-02 18:09:05','2025-12-02 18:09:05'),(28,1714238901261,'彭颖生鲜采购配送中心','冷链配送','https://aspes-licenses.com/1714238901261.jpg','月采购量12-35吨','[\"福建\", \"广东\", \"广西\"]','彭颖','生鲜冷链配送','approved',NULL,NULL,'2025-12-02 18:09:05','2025-12-02 18:09:05'),(29,1714238901262,'曾强农副产品批发中心','大宗批发','https://aspes-licenses.com/1714238901262.jpg','月采购量40-90吨','[\"山东\", \"河南\", \"河北\"]','曾强','大宗农产品批发','approved',NULL,NULL,'2025-12-02 18:09:05','2025-12-02 18:09:05'),(30,1714238901263,'田敏食品原料采购中心','原料采购','https://aspes-licenses.com/1714238901263.jpg','月采购量16-45吨','[\"湖北\", \"湖南\", \"四川\"]','田敏','食品原料采购供应','approved',NULL,NULL,'2025-12-02 18:09:05','2025-12-02 18:09:05'),(31,1714238901264,'董浩生鲜贸易有限公司','电商采购','https://aspes-licenses.com/1714238901264.jpg','月采购量10-32吨','[\"浙江\", \"上海\", \"江苏\"]','董浩','电商平台农产品采购','approved',NULL,NULL,'2025-12-02 18:09:05','2025-12-02 18:09:05'),(32,1714238901265,'潘丽农产品采购商行','个体批发','https://aspes-licenses.com/1714238901265.jpg','月采购量3-15吨','[\"云南\", \"贵州\", \"四川\"]','潘丽','区域农产品批发','approved',NULL,NULL,'2025-12-02 18:09:05','2025-12-02 18:09:05'),(33,1714238901266,'于伟农业贸易中心','综合贸易','https://aspes-licenses.com/1714238901266.jpg','月采购量20-55吨','[\"山东\", \"安徽\", \"江苏\"]','于伟','农产品综合贸易','approved',NULL,NULL,'2025-12-02 18:09:05','2025-12-02 18:09:05'),(34,1714238901267,'叶杰食品采购有限公司','食品加工','https://aspes-licenses.com/1714238901267.jpg','月采购量25-65吨','[\"河南\", \"河北\", \"山西\"]','叶杰','食品加工原料采购','approved',NULL,NULL,'2025-12-02 18:09:05','2025-12-02 18:09:05'),(35,1714238901268,'蒋颖生鲜配送中心','配送服务','https://aspes-licenses.com/1714238901268.jpg','月采购量8-26吨','[\"广东\", \"海南\", \"广西\"]','蒋颖','生鲜产品配送','approved',NULL,NULL,'2025-12-02 18:09:05','2025-12-02 18:09:05'),(36,1714238901269,'蔡强农副产品贸易公司','国际贸易','https://aspes-licenses.com/1714238901269.jpg','月采购量50-110吨','[\"辽宁\", \"山东\", \"江苏\"]','蔡强','农产品进出口贸易','approved',NULL,NULL,'2025-12-02 18:09:05','2025-12-02 18:09:05'),(37,1714238901270,'魏敏食品采购中心','餐饮采购','https://aspes-licenses.com/1714238901270.jpg','月采购量6-22吨','[\"四川\", \"云南\", \"重庆\"]','魏敏','餐饮食材采购','approved',NULL,NULL,'2025-12-02 18:09:05','2025-12-02 18:09:05'),(38,1714238901271,'薛浩农业发展有限公司','种植采购','https://aspes-licenses.com/1714238901271.jpg','月采购量28-70吨','[\"山东\", \"河南\", \"安徽\"]','薛浩','农产品种植与采购','approved',NULL,NULL,'2025-12-02 18:09:05','2025-12-02 18:09:05'),(39,1714238901272,'金丽生鲜贸易商行','生鲜批发','https://aspes-licenses.com/1714238901272.jpg','月采购量12-38吨','[\"浙江\", \"福建\", \"江西\"]','金丽','生鲜产品批发','approved',NULL,NULL,'2025-12-02 18:09:05','2025-12-02 18:09:05'),(40,1714238901273,'陆伟农副产品供应链公司','供应链服务','https://aspes-licenses.com/1714238901273.jpg','月采购量35-85吨','[\"河北\", \"天津\", \"北京\"]','陆伟','农产品供应链服务','approved',NULL,NULL,'2025-12-02 18:09:05','2025-12-02 18:09:05'),(41,1714238901274,'郝杰食品采购有限公司','食品制造','https://aspes-licenses.com/1714238901274.jpg','月采购量22-58吨','[\"湖北\", \"湖南\", \"广东\"]','郝杰','食品生产原料采购','approved',NULL,NULL,'2025-12-02 18:09:05','2025-12-02 18:09:05'),(42,1714238901275,'白颖生鲜配送有限公司','冷链配送','https://aspes-licenses.com/1714238901275.jpg','月采购量14-42吨','[\"四川\", \"重庆\", \"贵州\"]','白颖','生鲜冷链配送','approved',NULL,NULL,'2025-12-02 18:09:05','2025-12-02 18:09:05'),(43,1714238901276,'崔强农产品采购中心','综合采购','https://aspes-licenses.com/1714238901276.jpg','月采购量18-50吨','[\"山东\", \"江苏\", \"安徽\"]','崔强','农产品综合采购','approved',NULL,NULL,'2025-12-02 18:09:05','2025-12-02 18:09:05'),(44,1714238901277,'康敏食品原料贸易公司','原料批发','https://aspes-licenses.com/1714238901277.jpg','月采购量25-65吨','[\"河南\", \"山东\", \"山西\"]','康敏','食品原料批发','approved',NULL,NULL,'2025-12-02 18:09:05','2025-12-02 18:09:05'),(45,1714238901278,'毛浩生鲜贸易中心','电商采购','https://aspes-licenses.com/1714238901278.jpg','月采购量10-30吨','[\"浙江\", \"上海\", \"江苏\"]','毛浩','电商平台采购','approved',NULL,NULL,'2025-12-02 18:09:05','2025-12-02 18:09:05'),(46,1714238901279,'邱丽农副产品批发商行','个体批发','https://aspes-licenses.com/1714238901279.jpg','月采购量4-16吨','[\"广东\", \"广西\", \"福建\"]','邱丽','本地农产品批发','approved',NULL,NULL,'2025-12-02 18:09:05','2025-12-02 18:09:05'),(47,1714238901280,'秦伟农业发展中心','种植采购','https://aspes-licenses.com/1714238901280.jpg','月采购量20-55吨','[\"山东\", \"河南\", \"河北\"]','秦伟','农产品种植与采购','approved',NULL,NULL,'2025-12-02 18:09:05','2025-12-02 18:09:05'),(48,1714238901281,'江杰食品采购有限公司','餐饮供应链','https://aspes-licenses.com/1714238901281.jpg','月采购量8-28吨','[\"四川\", \"重庆\", \"湖北\"]','江杰','餐饮连锁食材供应','approved',NULL,NULL,'2025-12-02 18:09:05','2025-12-02 18:09:05'),(49,1714238901282,'史颖生鲜配送中心','冷链配送','https://aspes-licenses.com/1714238901282.jpg','月采购量12-36吨','[\"浙江\", \"江苏\", \"安徽\"]','史颖','生鲜冷链配送','approved',NULL,NULL,'2025-12-02 18:09:05','2025-12-02 18:09:05'),(50,1714238901283,'顾强农副产品贸易公司','综合贸易','https://aspes-licenses.com/1714238901283.jpg','月采购量30-75吨','[\"湖南\", \"江西\", \"广东\"]','顾强','农产品综合贸易','approved',NULL,NULL,'2025-12-02 18:09:05','2025-12-02 18:09:05'),(51,1714238901284,'侯敏食品原料采购中心','原料采购','https://aspes-licenses.com/1714238901284.jpg','月采购量16-45吨','[\"湖北\", \"河南\", \"山东\"]','侯敏','食品原料采购供应','approved',NULL,NULL,'2025-12-02 18:09:05','2025-12-02 18:09:05'),(52,1714238901285,'邵浩生鲜贸易有限公司','电商采购','https://aspes-licenses.com/1714238901285.jpg','月采购量14-40吨','[\"福建\", \"广东\", \"海南\"]','邵浩','电商平台农产品采购','approved',NULL,NULL,'2025-12-02 18:09:05','2025-12-02 18:09:05'),(53,1714238901286,'孟丽农产品采购商行','个体批发','https://aspes-licenses.com/1714238901286.jpg','月采购量3-14吨','[\"云南\", \"贵州\", \"广西\"]','孟丽','区域农产品批发','approved',NULL,NULL,'2025-12-02 18:09:05','2025-12-02 18:09:05'),(54,1714238901287,'龙伟农业贸易中心','综合贸易','https://aspes-licenses.com/1714238901287.jpg','月采购量22-58吨','[\"山东\", \"安徽\", \"江苏\"]','龙伟','农产品综合贸易','approved',NULL,NULL,'2025-12-02 18:09:05','2025-12-02 18:09:05'),(55,1714238901288,'谭杰食品采购有限公司','食品加工','https://aspes-licenses.com/1714238901288.jpg','月采购量25-65吨','[\"河南\", \"河北\", \"山西\"]','谭杰','食品加工原料采购','approved',NULL,NULL,'2025-12-02 18:09:05','2025-12-02 18:09:05'),(56,1714238901289,'陆颖生鲜配送中心','配送服务','https://aspes-licenses.com/1714238901289.jpg','月采购量8-26吨','[\"广东\", \"海南\", \"广西\"]','陆颖','生鲜产品配送','approved',NULL,NULL,'2025-12-02 18:09:05','2025-12-02 18:09:05'),(57,1714238901290,'汪强农副产品贸易公司','国际贸易','https://aspes-licenses.com/1714238901290.jpg','月采购量50-110吨','[\"辽宁\", \"山东\", \"江苏\"]','汪强','农产品进出口贸易','approved',NULL,NULL,'2025-12-02 18:09:05','2025-12-02 18:09:05'),(58,1714238901291,'戴敏食品采购中心','餐饮采购','https://aspes-licenses.com/1714238901291.jpg','月采购量6-22吨','[\"四川\", \"云南\", \"重庆\"]','戴敏','餐饮食材采购','approved',NULL,NULL,'2025-12-02 18:09:05','2025-12-02 18:09:05'),(59,1714238901292,'崔浩农业发展有限公司','种植采购','https://aspes-licenses.com/1714238901292.jpg','月采购量28-70吨','[\"山东\", \"河南\", \"安徽\"]','崔浩','农产品种植与采购','approved',NULL,NULL,'2025-12-02 18:09:05','2025-12-02 18:09:05'),(60,1714238901293,'任丽生鲜贸易商行','生鲜批发','https://aspes-licenses.com/1714238901293.jpg','月采购量12-38吨','[\"浙江\", \"福建\", \"江西\"]','任丽','生鲜产品批发','approved',NULL,NULL,'2025-12-02 18:09:05','2025-12-02 18:09:05'),(61,1714238901294,'廖伟农副产品供应链公司','供应链服务','https://aspes-licenses.com/1714238901294.jpg','月采购量35-85吨','[\"河北\", \"天津\", \"北京\"]','廖伟','农产品供应链服务','approved',NULL,NULL,'2025-12-02 18:09:05','2025-12-02 18:09:05'),(62,1714238901295,'姚杰食品采购有限公司','食品制造','https://aspes-licenses.com/1714238901295.jpg','月采购量22-58吨','[\"湖北\", \"湖南\", \"广东\"]','姚杰','食品生产原料采购','approved',NULL,NULL,'2025-12-02 18:09:05','2025-12-02 18:09:05'),(63,1714238901296,'方颖生鲜配送有限公司','冷链配送','https://aspes-licenses.com/1714238901296.jpg','月采购量14-42吨','[\"四川\", \"重庆\", \"贵州\"]','方颖','生鲜冷链配送','approved',NULL,NULL,'2025-12-02 18:09:05','2025-12-02 18:09:05'),(64,1714238901297,'石强农产品采购中心','综合采购','https://aspes-licenses.com/1714238901297.jpg','月采购量18-50吨','[\"山东\", \"江苏\", \"安徽\"]','石强','农产品综合采购','approved',NULL,NULL,'2025-12-02 18:09:05','2025-12-02 18:09:05'),(65,1714238901298,'熊敏食品原料贸易公司','原料批发','https://aspes-licenses.com/1714238901298.jpg','月采购量25-65吨','[\"河南\", \"山东\", \"山西\"]','熊敏','食品原料批发','approved',NULL,NULL,'2025-12-02 18:09:05','2025-12-02 18:09:05'),(66,1714238901299,'金浩生鲜贸易中心','电商采购','https://aspes-licenses.com/1714238901299.jpg','月采购量10-30吨','[\"浙江\", \"上海\", \"江苏\"]','金浩','电商平台采购','approved',NULL,NULL,'2025-12-02 18:09:05','2025-12-02 18:09:05'),(67,1714238901300,'汤丽农副产品批发商行','个体批发','https://aspes-licenses.com/1714238901300.jpg','月采购量4-16吨','[\"广东\", \"广西\", \"福建\"]','汤丽','本地农产品批发','approved',NULL,NULL,'2025-12-02 18:09:05','2025-12-02 18:09:05'),(68,1714238901301,'尹伟农业发展中心','种植采购','https://aspes-licenses.com/1714238901301.jpg','月采购量20-55吨','[\"山东\", \"河南\", \"河北\"]','尹伟','农产品种植与采购','approved',NULL,NULL,'2025-12-02 18:09:05','2025-12-02 18:09:05'),(69,1714238901302,'黎杰食品采购有限公司','餐饮供应链','https://aspes-licenses.com/1714238901302.jpg','月采购量8-28吨','[\"四川\", \"重庆\", \"湖北\"]','黎杰','餐饮连锁食材供应','approved',NULL,NULL,'2025-12-02 18:09:05','2025-12-02 18:09:05'),(70,1714238901303,'易颖生鲜配送中心','冷链配送','https://aspes-licenses.com/1714238901303.jpg','月采购量12-36吨','[\"浙江\", \"江苏\", \"安徽\"]','易颖','生鲜冷链配送','approved',NULL,NULL,'2025-12-02 18:09:05','2025-12-02 18:09:05'),(71,1714238901304,'常强农副产品贸易公司','综合贸易','https://aspes-licenses.com/1714238901304.jpg','月采购量30-75吨','[\"湖南\", \"江西\", \"广东\"]','常强','农产品综合贸易','approved',NULL,NULL,'2025-12-02 18:09:05','2025-12-02 18:09:05'),(72,1714238901305,'武敏食品原料采购中心','原料采购','https://aspes-licenses.com/1714238901305.jpg','月采购量16-45吨','[\"湖北\", \"河南\", \"山东\"]','武敏','食品原料采购供应','approved',NULL,NULL,'2025-12-02 18:09:05','2025-12-02 18:09:05'),(73,1714238901306,'乔浩生鲜贸易有限公司','电商采购','https://aspes-licenses.com/1714238901306.jpg','月采购量14-40吨','[\"福建\", \"广东\", \"海南\"]','乔浩','电商平台农产品采购','approved',NULL,NULL,'2025-12-02 18:09:05','2025-12-02 18:09:05'),(74,1714238901307,'贺丽农产品采购商行','个体批发','https://aspes-licenses.com/1714238901307.jpg','月采购量3-14吨','[\"云南\", \"贵州\", \"广西\"]','贺丽','区域农产品批发','approved',NULL,NULL,'2025-12-02 18:09:05','2025-12-02 18:09:05'),(75,1714238901308,'龚伟农业贸易中心','综合贸易','https://aspes-licenses.com/1714238901308.jpg','月采购量22-58吨','[\"山东\", \"安徽\", \"江苏\"]','龚伟','农产品综合贸易','approved',NULL,NULL,'2025-12-02 18:09:05','2025-12-02 18:09:05'),(76,1714238901309,'文杰食品采购有限公司','食品加工','https://aspes-licenses.com/1714238901309.jpg','月采购量25-65吨','[\"河南\", \"河北\", \"山西\"]','文杰','食品加工原料采购','approved',NULL,NULL,'2025-12-02 18:09:05','2025-12-02 18:09:05'),(77,1714238901310,'樊颖生鲜配送中心','配送服务','https://aspes-licenses.com/1714238901310.jpg','月采购量8-26吨','[\"广东\", \"海南\", \"广西\"]','樊颖','生鲜产品配送','approved',NULL,NULL,'2025-12-02 18:09:05','2025-12-02 18:09:05'),(78,1714238901311,'兰强农副产品贸易公司','国际贸易','https://aspes-licenses.com/1714238901311.jpg','月采购量50-110吨','[\"辽宁\", \"山东\", \"江苏\"]','兰强','农产品进出口贸易','approved',NULL,NULL,'2025-12-02 18:09:05','2025-12-02 18:09:05'),(79,1714238901312,'殷敏食品采购中心','餐饮采购','https://aspes-licenses.com/1714238901312.jpg','月采购量6-22吨','[\"四川\", \"云南\", \"重庆\"]','殷敏','餐饮食材采购','approved',NULL,NULL,'2025-12-02 18:09:05','2025-12-02 18:09:05'),(80,1714238901313,'施浩农业发展有限公司','种植采购','https://aspes-licenses.com/1714238901313.jpg','月采购量28-70吨','[\"山东\", \"河南\", \"安徽\"]','施浩','农产品种植与采购','approved',NULL,NULL,'2025-12-02 18:09:05','2025-12-02 18:09:05'),(81,1714238901314,'陶丽生鲜贸易商行','生鲜批发','https://aspes-licenses.com/1714238901314.jpg','月采购量12-38吨','[\"浙江\", \"福建\", \"江西\"]','陶丽','生鲜产品批发','approved',NULL,NULL,'2025-12-02 18:09:05','2025-12-02 18:09:05'),(82,1714238901315,'洪伟农副产品供应链公司','供应链服务','https://aspes-licenses.com/1714238901315.jpg','月采购量35-85吨','[\"河北\", \"天津\", \"北京\"]','洪伟','农产品供应链服务','approved',NULL,NULL,'2025-12-02 18:09:05','2025-12-02 18:09:05'),(83,1714238901316,'翟杰食品采购有限公司','食品制造','https://aspes-licenses.com/1714238901316.jpg','月采购量22-58吨','[\"湖北\", \"湖南\", \"广东\"]','翟杰','食品生产原料采购','approved',NULL,NULL,'2025-12-02 18:09:05','2025-12-02 18:09:05'),(84,1714238901317,'安颖生鲜配送有限公司','冷链配送','https://aspes-licenses.com/1714238901317.jpg','月采购量14-42吨','[\"四川\", \"重庆\", \"贵州\"]','安颖','生鲜冷链配送','approved',NULL,NULL,'2025-12-02 18:09:05','2025-12-02 18:09:05'),(85,1714238901318,'颜强农产品采购中心','综合采购','https://aspes-licenses.com/1714238901318.jpg','月采购量18-50吨','[\"山东\", \"江苏\", \"安徽\"]','颜强','农产品综合采购','approved',NULL,NULL,'2025-12-02 18:09:05','2025-12-02 18:09:05'),(86,1714238901319,'倪敏食品原料贸易公司','原料批发','https://aspes-licenses.com/1714238901319.jpg','月采购量25-65吨','[\"河南\", \"山东\", \"山西\"]','倪敏','食品原料批发','approved',NULL,NULL,'2025-12-02 18:09:05','2025-12-02 18:09:05'),(87,1714238901320,'严浩生鲜贸易中心','电商采购','https://aspes-licenses.com/1714238901320.jpg','月采购量10-30吨','[\"浙江\", \"上海\", \"江苏\"]','严浩','电商平台采购','approved',NULL,NULL,'2025-12-02 18:09:05','2025-12-02 18:09:05'),(88,1714238901321,'牛丽农副产品批发商行','个体批发','https://aspes-licenses.com/1714238901321.jpg','月采购量4-16吨','[\"广东\", \"广西\", \"福建\"]','牛丽','本地农产品批发','approved',NULL,NULL,'2025-12-02 18:09:05','2025-12-02 18:09:05'),(89,1714238901322,'温伟农业发展中心','种植采购','https://aspes-licenses.com/1714238901322.jpg','月采购量20-55吨','[\"山东\", \"河南\", \"河北\"]','温伟','农产品种植与采购','approved',NULL,NULL,'2025-12-02 18:09:05','2025-12-02 18:09:05'),(90,1714238901323,'芦杰食品采购有限公司','餐饮供应链','https://aspes-licenses.com/1714238901323.jpg','月采购量8-28吨','[\"四川\", \"重庆\", \"湖北\"]','芦杰','餐饮连锁食材供应','approved',NULL,NULL,'2025-12-02 18:09:05','2025-12-02 18:09:05'),(91,1714238901324,'季颖生鲜配送中心','冷链配送','https://aspes-licenses.com/1714238901324.jpg','月采购量12-36吨','[\"浙江\", \"江苏\", \"安徽\"]','季颖','生鲜冷链配送','approved',NULL,NULL,'2025-12-02 18:09:05','2025-12-02 18:09:05'),(92,1714238901325,'俞强农副产品贸易公司','综合贸易','https://aspes-licenses.com/1714238901325.jpg','月采购量30-75吨','[\"湖南\", \"江西\", \"广东\"]','俞强','农产品综合贸易','approved',NULL,NULL,'2025-12-02 18:09:05','2025-12-02 18:09:05'),(93,1714238901326,'章敏食品原料采购中心','原料采购','https://aspes-licenses.com/1714238901326.jpg','月采购量16-45吨','[\"湖北\", \"河南\", \"山东\"]','章敏','食品原料采购供应','approved',NULL,NULL,'2025-12-02 18:09:05','2025-12-02 18:09:05'),(94,1714238901327,'鲁浩生鲜贸易有限公司','电商采购','https://aspes-licenses.com/1714238901327.jpg','月采购量14-40吨','[\"福建\", \"广东\", \"海南\"]','鲁浩','电商平台农产品采购','approved',NULL,NULL,'2025-12-02 18:09:05','2025-12-02 18:09:05'),(95,1714238901328,'葛丽农产品采购商行','个体批发','https://aspes-licenses.com/1714238901328.jpg','月采购量3-14吨','[\"云南\", \"贵州\", \"广西\"]','葛丽','区域农产品批发','approved',NULL,NULL,'2025-12-02 18:09:05','2025-12-02 18:09:05'),(96,1714238901329,'齐伟农业贸易中心','综合贸易','https://aspes-licenses.com/1714238901329.jpg','月采购量22-58吨','[\"山东\", \"安徽\", \"江苏\"]','齐伟','农产品综合贸易','approved',NULL,NULL,'2025-12-02 18:09:05','2025-12-02 18:09:05'),(97,1714238901330,'邬杰食品采购有限公司','食品加工','https://aspes-licenses.com/1714238901330.jpg','月采购量25-65吨','[\"河南\", \"河北\", \"山西\"]','邬杰','食品加工原料采购','approved',NULL,NULL,'2025-12-02 18:09:05','2025-12-02 18:09:05'),(98,1714238901331,'岳颖生鲜配送中心','配送服务','https://aspes-licenses.com/1714238901331.jpg','月采购量8-26吨','[\"广东\", \"海南\", \"广西\"]','岳颖','生鲜产品配送','approved',NULL,NULL,'2025-12-02 18:09:05','2025-12-02 18:09:05'),(99,1714238901332,'舒强农副产品贸易公司','国际贸易','https://aspes-licenses.com/1714238901332.jpg','月采购量50-110吨','[\"辽宁\", \"山东\", \"江苏\"]','舒强','农产品进出口贸易','approved',NULL,NULL,'2025-12-02 18:09:05','2025-12-02 18:09:05'),(100,1714238901333,'关敏食品采购中心','餐饮采购','https://aspes-licenses.com/1714238901333.jpg','月采购量6-22吨','[\"四川\", \"云南\", \"重庆\"]','关敏','餐饮食材采购','approved',NULL,NULL,'2025-12-02 18:09:05','2025-12-02 18:09:05'),(101,251028444090077184,'exercitation农产品贸易公司','综合贸易','https://aspes-licenses.com/251028444090077184.jpg','月采购量15-45吨','[\"山东\", \"河南\", \"江苏\"]','exercitation laboris in','开展农产品国际贸易业务','approved',NULL,NULL,'2025-12-02 18:09:05','2025-12-02 18:09:05'),(102,251985069273649152,'李明食品采购有限公司','餐饮供应链','https://aspes-licenses.com/251985069273649152.jpg','月采购量10-35吨','[\"广东\", \"广西\", \"湖南\"]','exercitation laboris in','为餐饮企业提供食材采购服务','approved',NULL,NULL,'2025-12-02 18:09:05','2025-12-02 18:09:05'),(103,254291344812544000,'purchaser666农副产品贸易商行','个体批发','https://aspes-licenses.com/254291344812544000.jpg','月采购量5-20吨','[\"浙江\", \"江苏\", \"上海\"]','ut in Lorem','从事农产品批发零售业务','approved',NULL,NULL,'2025-12-02 18:09:05','2025-12-02 18:09:05');
/*!40000 ALTER TABLE `purchaser_info` ENABLE KEYS */;
UNLOCK TABLES;

--
-- Table structure for table `stock_reservation`
--

DROP TABLE IF EXISTS `stock_reservation`;
/*!40101 SET @saved_cs_client     = @@character_set_client */;
/*!50503 SET character_set_client = utf8mb4 */;
CREATE TABLE `stock_reservation` (
  `id` bigint NOT NULL COMMENT '预留ID（雪花算法）',
  `product_id` bigint NOT NULL COMMENT '关联产品',
  `order_id` bigint NOT NULL COMMENT '关联订单',
  `reserved_quantity` int NOT NULL COMMENT '预留数量',
  `status` enum('reserved','released','expired') DEFAULT 'reserved' COMMENT '预留状态：已预留/已释放/已过期',
  `release_reason` varchar(200) DEFAULT NULL COMMENT '释放原因（取消/过期等）',
  `create_time` timestamp NULL DEFAULT CURRENT_TIMESTAMP,
  `update_time` timestamp NULL DEFAULT CURRENT_TIMESTAMP ON UPDATE CURRENT_TIMESTAMP,
  `expired_time` timestamp NULL DEFAULT NULL COMMENT '预留过期时间（若未支付则24小时后过期）',
  PRIMARY KEY (`id`),
  UNIQUE KEY `uk_order_product` (`order_id`,`product_id`) COMMENT '同一订单同一产品仅能预留一次',
  KEY `fk_reservation_product` (`product_id`),
  KEY `fk_reservation_order` (`order_id`),
  KEY `idx_reservation_status` (`status`),
  CONSTRAINT `fk_reservation_order` FOREIGN KEY (`order_id`) REFERENCES `purchase_order` (`id`) ON DELETE CASCADE,
  CONSTRAINT `fk_reservation_product` FOREIGN KEY (`product_id`) REFERENCES `farmer_product` (`id`) ON DELETE RESTRICT
) ENGINE=InnoDB DEFAULT CHARSET=utf8mb4 COLLATE=utf8mb4_0900_ai_ci COMMENT='库存预留表';
/*!40101 SET character_set_client = @saved_cs_client */;

--
-- Dumping data for table `stock_reservation`
--

LOCK TABLES `stock_reservation` WRITE;
/*!40000 ALTER TABLE `stock_reservation` DISABLE KEYS */;
/*!40000 ALTER TABLE `stock_reservation` ENABLE KEYS */;
UNLOCK TABLES;

--
-- Table structure for table `user`
--

DROP TABLE IF EXISTS `user`;
/*!40101 SET @saved_cs_client     = @@character_set_client */;
/*!50503 SET character_set_client = utf8mb4 */;
CREATE TABLE `user` (
  `id` bigint NOT NULL COMMENT '用户ID（雪花算法）',
  `username` varchar(50) NOT NULL COMMENT '登录账号',
  `password` varchar(100) NOT NULL COMMENT '加密密码',
  `role` enum('farmer','purchaser','admin') NOT NULL COMMENT '角色：农户/采购方/管理员',
  `contact_person` varchar(50) NOT NULL COMMENT '联系人姓名',
  `contact_phone` varchar(20) NOT NULL COMMENT '联系电话',
  `contact_email` varchar(100) DEFAULT NULL COMMENT '联系邮箱',
  `is_certified` tinyint DEFAULT '0' COMMENT '是否认证（0=未认证/1=已认证）',
  `is_delete` tinyint DEFAULT '0' COMMENT '软删除（0=正常）',
  `create_time` timestamp NULL DEFAULT CURRENT_TIMESTAMP,
  `update_time` timestamp NULL DEFAULT CURRENT_TIMESTAMP ON UPDATE CURRENT_TIMESTAMP,
  PRIMARY KEY (`id`),
  UNIQUE KEY `username` (`username`),
  KEY `idx_role_certified` (`role`,`is_certified`) COMMENT '按角色+认证状态筛选用户'
) ENGINE=InnoDB DEFAULT CHARSET=utf8mb4 COLLATE=utf8mb4_0900_ai_ci COMMENT='用户表（农户/采购方/管理员）';
/*!40101 SET character_set_client = @saved_cs_client */;

--
-- Dumping data for table `user`
--

LOCK TABLES `user` WRITE;
/*!40000 ALTER TABLE `user` DISABLE KEYS */;
INSERT INTO `user` VALUES (1714238901234,'purchaser001','$2a$10$B5LMdNmSgvW77WyhdNBITOOPICl61pAs6/siDo6Aj8JULvL/LlHVa','purchaser','张伟','13800138001','zhangwei001@example.com',0,0,'2025-11-26 08:27:19','2025-12-02 17:12:01'),(1714238901235,'purchaser002','$2a$10$B5LMdNmSgvW77WyhdNBITOOPICl61pAs6/siDo6Aj8JULvL/LlHVa','purchaser','李娜','13800138002','lina002@example.com',0,0,'2025-11-26 08:27:19','2025-12-02 17:12:01'),(1714238901236,'purchaser003','$2a$10$B5LMdNmSgvW77WyhdNBITOOPICl61pAs6/siDo6Aj8JULvL/LlHVa','purchaser','王芳','13800138003','wangfang003@example.com',0,0,'2025-11-26 08:27:19','2025-12-02 17:12:01'),(1714238901237,'purchaser004','$2a$10$B5LMdNmSgvW77WyhdNBITOOPICl61pAs6/siDo6Aj8JULvL/LlHVa','purchaser','刘强','13800138004','liuqiang004@example.com',0,0,'2025-11-26 08:27:19','2025-12-02 17:12:01'),(1714238901238,'purchaser005','$2a$10$B5LMdNmSgvW77WyhdNBITOOPICl61pAs6/siDo6Aj8JULvL/LlHVa','purchaser','赵敏','13800138005','zhaomin005@example.com',0,0,'2025-11-26 08:27:19','2025-12-02 17:12:01'),(1714238901239,'purchaser006','$2a$10$B5LMdNmSgvW77WyhdNBITOOPICl61pAs6/siDo6Aj8JULvL/LlHVa','purchaser','陈杰','13800138006','chenjie006@example.com',0,0,'2025-11-26 08:27:19','2025-12-02 17:12:01'),(1714238901240,'purchaser007','$2a$10$B5LMdNmSgvW77WyhdNBITOOPICl61pAs6/siDo6Aj8JULvL/LlHVa','purchaser','杨颖','13800138007','yangying007@example.com',0,0,'2025-11-26 08:27:19','2025-12-02 17:12:01'),(1714238901241,'purchaser008','$2a$10$B5LMdNmSgvW77WyhdNBITOOPICl61pAs6/siDo6Aj8JULvL/LlHVa','purchaser','周强','13800138008','zhouqiang008@example.com',0,0,'2025-11-26 08:27:19','2025-12-02 17:12:01'),(1714238901242,'purchaser009','$2a$10$B5LMdNmSgvW77WyhdNBITOOPICl61pAs6/siDo6Aj8JULvL/LlHVa','purchaser','吴敏','13800138009','wumin009@example.com',0,0,'2025-11-26 08:27:19','2025-12-02 17:12:01'),(1714238901243,'purchaser010','$2a$10$B5LMdNmSgvW77WyhdNBITOOPICl61pAs6/siDo6Aj8JULvL/LlHVa','purchaser','郑浩','13800138010','zhenghao010@example.com',0,0,'2025-11-26 08:27:19','2025-12-02 17:12:01'),(1714238901244,'purchaser011','$2a$10$B5LMdNmSgvW77WyhdNBITOOPICl61pAs6/siDo6Aj8JULvL/LlHVa','purchaser','马丽','13800138011','mali011@example.com',0,0,'2025-11-26 08:27:19','2025-12-02 17:12:01'),(1714238901245,'purchaser012','$2a$10$B5LMdNmSgvW77WyhdNBITOOPICl61pAs6/siDo6Aj8JULvL/LlHVa','purchaser','朱伟','13800138012','zhuwei012@example.com',0,0,'2025-11-26 08:27:19','2025-12-02 17:12:01'),(1714238901246,'purchaser013','$2a$10$B5LMdNmSgvW77WyhdNBITOOPICl61pAs6/siDo6Aj8JULvL/LlHVa','purchaser','胡杰','13800138013','hujie013@example.com',0,0,'2025-11-26 08:27:19','2025-12-02 17:12:01'),(1714238901247,'purchaser014','$2a$10$B5LMdNmSgvW77WyhdNBITOOPICl61pAs6/siDo6Aj8JULvL/LlHVa','purchaser','林颖','13800138014','linying014@example.com',0,0,'2025-11-26 08:27:19','2025-12-02 17:12:01'),(1714238901248,'purchaser015','$2a$10$B5LMdNmSgvW77WyhdNBITOOPICl61pAs6/siDo6Aj8JULvL/LlHVa','purchaser','郭强','13800138015','guoqiang015@example.com',0,0,'2025-11-26 08:27:19','2025-12-02 17:12:01'),(1714238901249,'purchaser016','$2a$10$B5LMdNmSgvW77WyhdNBITOOPICl61pAs6/siDo6Aj8JULvL/LlHVa','purchaser','何敏','13800138016','hemin016@example.com',0,0,'2025-11-26 08:27:19','2025-12-02 17:12:01'),(1714238901250,'purchaser017','$2a$10$B5LMdNmSgvW77WyhdNBITOOPICl61pAs6/siDo6Aj8JULvL/LlHVa','purchaser','高浩','13800138017','gaohao017@example.com',0,0,'2025-11-26 08:27:19','2025-12-02 17:12:01'),(1714238901251,'purchaser018','$2a$10$B5LMdNmSgvW77WyhdNBITOOPICl61pAs6/siDo6Aj8JULvL/LlHVa','purchaser','罗丽','13800138018','luoli018@example.com',0,0,'2025-11-26 08:27:19','2025-12-02 17:12:01'),(1714238901252,'purchaser019','$2a$10$B5LMdNmSgvW77WyhdNBITOOPICl61pAs6/siDo6Aj8JULvL/LlHVa','purchaser','梁伟','13800138019','liangwei019@example.com',0,0,'2025-11-26 08:27:19','2025-12-02 17:12:01'),(1714238901253,'purchaser020','$2a$10$B5LMdNmSgvW77WyhdNBITOOPICl61pAs6/siDo6Aj8JULvL/LlHVa','purchaser','宋杰','13800138020','songjie020@example.com',0,0,'2025-11-26 08:27:19','2025-12-02 17:12:01'),(1714238901254,'purchaser021','$2a$10$B5LMdNmSgvW77WyhdNBITOOPICl61pAs6/siDo6Aj8JULvL/LlHVa','purchaser','谢颖','13800138021','xieying021@example.com',0,0,'2025-11-26 08:27:19','2025-12-02 17:12:01'),(1714238901255,'purchaser022','$2a$10$B5LMdNmSgvW77WyhdNBITOOPICl61pAs6/siDo6Aj8JULvL/LlHVa','purchaser','韩强','13800138022','hanqiang022@example.com',0,0,'2025-11-26 08:27:19','2025-12-02 17:12:01'),(1714238901256,'purchaser023','$2a$10$B5LMdNmSgvW77WyhdNBITOOPICl61pAs6/siDo6Aj8JULvL/LlHVa','purchaser','唐敏','13800138023','tangmin023@example.com',0,0,'2025-11-26 08:27:19','2025-12-02 17:12:01'),(1714238901257,'purchaser024','$2a$10$B5LMdNmSgvW77WyhdNBITOOPICl61pAs6/siDo6Aj8JULvL/LlHVa','purchaser','徐浩','13800138024','xuhao024@example.com',0,0,'2025-11-26 08:27:19','2025-12-02 17:12:01'),(1714238901258,'purchaser025','$2a$10$B5LMdNmSgvW77WyhdNBITOOPICl61pAs6/siDo6Aj8JULvL/LlHVa','purchaser','孙丽','13800138025','sunli025@example.com',0,0,'2025-11-26 08:27:19','2025-12-02 17:12:01'),(1714238901259,'purchaser026','$2a$10$B5LMdNmSgvW77WyhdNBITOOPICl61pAs6/siDo6Aj8JULvL/LlHVa','purchaser','袁伟','13800138026','yuanwei026@example.com',0,0,'2025-11-26 08:27:19','2025-12-02 17:12:01'),(1714238901260,'purchaser027','$2a$10$B5LMdNmSgvW77WyhdNBITOOPICl61pAs6/siDo6Aj8JULvL/LlHVa','purchaser','蔡杰','13800138027','caijie027@example.com',0,0,'2025-11-26 08:27:19','2025-12-02 17:12:01'),(1714238901261,'purchaser028','$2a$10$B5LMdNmSgvW77WyhdNBITOOPICl61pAs6/siDo6Aj8JULvL/LlHVa','purchaser','彭颖','13800138028','pengying028@example.com',0,0,'2025-11-26 08:27:19','2025-12-02 17:12:01'),(1714238901262,'purchaser029','$2a$10$B5LMdNmSgvW77WyhdNBITOOPICl61pAs6/siDo6Aj8JULvL/LlHVa','purchaser','曾强','13800138029','zengqiang029@example.com',0,0,'2025-11-26 08:27:19','2025-12-02 17:12:01'),(1714238901263,'purchaser030','$2a$10$B5LMdNmSgvW77WyhdNBITOOPICl61pAs6/siDo6Aj8JULvL/LlHVa','purchaser','田敏','13800138030','tianmin030@example.com',0,0,'2025-11-26 08:27:19','2025-12-02 17:12:01'),(1714238901264,'purchaser031','$2a$10$B5LMdNmSgvW77WyhdNBITOOPICl61pAs6/siDo6Aj8JULvL/LlHVa','purchaser','董浩','13800138031','donghao031@example.com',0,0,'2025-11-26 08:27:19','2025-12-02 17:12:01'),(1714238901265,'purchaser032','$2a$10$B5LMdNmSgvW77WyhdNBITOOPICl61pAs6/siDo6Aj8JULvL/LlHVa','purchaser','潘丽','13800138032','panli032@example.com',0,0,'2025-11-26 08:27:19','2025-12-02 17:12:01'),(1714238901266,'purchaser033','$2a$10$B5LMdNmSgvW77WyhdNBITOOPICl61pAs6/siDo6Aj8JULvL/LlHVa','purchaser','于伟','13800138033','yuwei033@example.com',0,0,'2025-11-26 08:27:19','2025-12-02 17:12:01'),(1714238901267,'purchaser034','$2a$10$B5LMdNmSgvW77WyhdNBITOOPICl61pAs6/siDo6Aj8JULvL/LlHVa','purchaser','叶杰','13800138034','yijie034@example.com',0,0,'2025-11-26 08:27:19','2025-12-02 17:12:01'),(1714238901268,'purchaser035','$2a$10$B5LMdNmSgvW77WyhdNBITOOPICl61pAs6/siDo6Aj8JULvL/LlHVa','purchaser','蒋颖','13800138035','jiangying035@example.com',0,0,'2025-11-26 08:27:19','2025-12-02 17:12:01'),(1714238901269,'purchaser036','$2a$10$B5LMdNmSgvW77WyhdNBITOOPICl61pAs6/siDo6Aj8JULvL/LlHVa','purchaser','蔡强','13800138036','caiqiang036@example.com',0,0,'2025-11-26 08:27:19','2025-12-02 17:12:01'),(1714238901270,'purchaser037','$2a$10$B5LMdNmSgvW77WyhdNBITOOPICl61pAs6/siDo6Aj8JULvL/LlHVa','purchaser','魏敏','13800138037','weimin037@example.com',0,0,'2025-11-26 08:27:19','2025-12-02 17:12:01'),(1714238901271,'purchaser038','$2a$10$B5LMdNmSgvW77WyhdNBITOOPICl61pAs6/siDo6Aj8JULvL/LlHVa','purchaser','薛浩','13800138038','xuehao038@example.com',0,0,'2025-11-26 08:27:19','2025-12-02 17:12:01'),(1714238901272,'purchaser039','$2a$10$B5LMdNmSgvW77WyhdNBITOOPICl61pAs6/siDo6Aj8JULvL/LlHVa','purchaser','金丽','13800138039','jinli039@example.com',0,0,'2025-11-26 08:27:19','2025-12-02 17:12:01'),(1714238901273,'purchaser040','$2a$10$B5LMdNmSgvW77WyhdNBITOOPICl61pAs6/siDo6Aj8JULvL/LlHVa','purchaser','陆伟','13800138040','luwei040@example.com',0,0,'2025-11-26 08:27:19','2025-12-02 17:12:01'),(1714238901274,'purchaser041','$2a$10$B5LMdNmSgvW77WyhdNBITOOPICl61pAs6/siDo6Aj8JULvL/LlHVa','purchaser','郝杰','13800138041','haojie041@example.com',0,0,'2025-11-26 08:27:19','2025-12-02 17:12:01'),(1714238901275,'purchaser042','$2a$10$B5LMdNmSgvW77WyhdNBITOOPICl61pAs6/siDo6Aj8JULvL/LlHVa','purchaser','白颖','13800138042','baiying042@example.com',0,0,'2025-11-26 08:27:19','2025-12-02 17:12:01'),(1714238901276,'purchaser043','$2a$10$B5LMdNmSgvW77WyhdNBITOOPICl61pAs6/siDo6Aj8JULvL/LlHVa','purchaser','崔强','13800138043','cuiqiang043@example.com',0,0,'2025-11-26 08:27:19','2025-12-02 17:12:01'),(1714238901277,'purchaser044','$2a$10$B5LMdNmSgvW77WyhdNBITOOPICl61pAs6/siDo6Aj8JULvL/LlHVa','purchaser','康敏','13800138044','kangmin044@example.com',0,0,'2025-11-26 08:27:19','2025-12-02 17:12:01'),(1714238901278,'purchaser045','$2a$10$B5LMdNmSgvW77WyhdNBITOOPICl61pAs6/siDo6Aj8JULvL/LlHVa','purchaser','毛浩','13800138045','maohao045@example.com',0,0,'2025-11-26 08:27:19','2025-12-02 17:12:01'),(1714238901279,'purchaser046','$2a$10$B5LMdNmSgvW77WyhdNBITOOPICl61pAs6/siDo6Aj8JULvL/LlHVa','purchaser','邱丽','13800138046','qiuli046@example.com',0,0,'2025-11-26 08:27:19','2025-12-02 17:12:01'),(1714238901280,'purchaser047','$2a$10$B5LMdNmSgvW77WyhdNBITOOPICl61pAs6/siDo6Aj8JULvL/LlHVa','purchaser','秦伟','13800138047','qinwei047@example.com',0,0,'2025-11-26 08:27:19','2025-12-02 17:12:01'),(1714238901281,'purchaser048','$2a$10$B5LMdNmSgvW77WyhdNBITOOPICl61pAs6/siDo6Aj8JULvL/LlHVa','purchaser','江杰','13800138048','jiangjie048@example.com',0,0,'2025-11-26 08:27:19','2025-12-02 17:12:01'),(1714238901282,'purchaser049','$2a$10$B5LMdNmSgvW77WyhdNBITOOPICl61pAs6/siDo6Aj8JULvL/LlHVa','purchaser','史颖','13800138049','shiying049@example.com',0,0,'2025-11-26 08:27:19','2025-12-02 17:12:01'),(1714238901283,'purchaser050','$2a$10$B5LMdNmSgvW77WyhdNBITOOPICl61pAs6/siDo6Aj8JULvL/LlHVa','purchaser','顾强','13800138050','guqiang050@example.com',0,0,'2025-11-26 08:27:19','2025-12-02 17:12:01'),(1714238901284,'purchaser051','$2a$10$B5LMdNmSgvW77WyhdNBITOOPICl61pAs6/siDo6Aj8JULvL/LlHVa','purchaser','侯敏','13800138051','houmin051@example.com',0,0,'2025-11-26 08:27:19','2025-12-02 17:12:01'),(1714238901285,'purchaser052','$2a$10$B5LMdNmSgvW77WyhdNBITOOPICl61pAs6/siDo6Aj8JULvL/LlHVa','purchaser','邵浩','13800138052','shaohao052@example.com',0,0,'2025-11-26 08:27:19','2025-12-02 17:12:01'),(1714238901286,'purchaser053','$2a$10$B5LMdNmSgvW77WyhdNBITOOPICl61pAs6/siDo6Aj8JULvL/LlHVa','purchaser','孟丽','13800138053','mengli053@example.com',0,0,'2025-11-26 08:27:19','2025-12-02 17:12:01'),(1714238901287,'purchaser054','$2a$10$B5LMdNmSgvW77WyhdNBITOOPICl61pAs6/siDo6Aj8JULvL/LlHVa','purchaser','龙伟','13800138054','longwei054@example.com',0,0,'2025-11-26 08:27:19','2025-12-02 17:12:01'),(1714238901288,'purchaser055','$2a$10$B5LMdNmSgvW77WyhdNBITOOPICl61pAs6/siDo6Aj8JULvL/LlHVa','purchaser','谭杰','13800138055','tanjie055@example.com',0,0,'2025-11-26 08:27:19','2025-12-02 17:12:01'),(1714238901289,'purchaser056','$2a$10$B5LMdNmSgvW77WyhdNBITOOPICl61pAs6/siDo6Aj8JULvL/LlHVa','purchaser','陆颖','13800138056','luying056@example.com',0,0,'2025-11-26 08:27:19','2025-12-02 17:12:01'),(1714238901290,'purchaser057','$2a$10$B5LMdNmSgvW77WyhdNBITOOPICl61pAs6/siDo6Aj8JULvL/LlHVa','purchaser','汪强','13800138057','wangqiang057@example.com',0,0,'2025-11-26 08:27:19','2025-12-02 17:12:01'),(1714238901291,'purchaser058','$2a$10$B5LMdNmSgvW77WyhdNBITOOPICl61pAs6/siDo6Aj8JULvL/LlHVa','purchaser','戴敏','13800138058','daimin058@example.com',0,0,'2025-11-26 08:27:19','2025-12-02 17:12:01'),(1714238901292,'purchaser059','$2a$10$B5LMdNmSgvW77WyhdNBITOOPICl61pAs6/siDo6Aj8JULvL/LlHVa','purchaser','崔浩','13800138059','cuihao059@example.com',0,0,'2025-11-26 08:27:19','2025-12-02 17:12:01'),(1714238901293,'purchaser060','$2a$10$B5LMdNmSgvW77WyhdNBITOOPICl61pAs6/siDo6Aj8JULvL/LlHVa','purchaser','任丽','13800138060','renli060@example.com',0,0,'2025-11-26 08:27:19','2025-12-02 17:12:01'),(1714238901294,'purchaser061','$2a$10$B5LMdNmSgvW77WyhdNBITOOPICl61pAs6/siDo6Aj8JULvL/LlHVa','purchaser','廖伟','13800138061','liaowei061@example.com',0,0,'2025-11-26 08:27:19','2025-12-02 17:12:01'),(1714238901295,'purchaser062','$2a$10$B5LMdNmSgvW77WyhdNBITOOPICl61pAs6/siDo6Aj8JULvL/LlHVa','purchaser','姚杰','13800138062','yaojie062@example.com',0,0,'2025-11-26 08:27:19','2025-12-02 17:12:01'),(1714238901296,'purchaser063','$2a$10$B5LMdNmSgvW77WyhdNBITOOPICl61pAs6/siDo6Aj8JULvL/LlHVa','purchaser','方颖','13800138063','fangying063@example.com',0,0,'2025-11-26 08:27:19','2025-12-02 17:12:01'),(1714238901297,'purchaser064','$2a$10$B5LMdNmSgvW77WyhdNBITOOPICl61pAs6/siDo6Aj8JULvL/LlHVa','purchaser','石强','13800138064','shiqiang064@example.com',0,0,'2025-11-26 08:27:19','2025-12-02 17:12:01'),(1714238901298,'purchaser065','$2a$10$B5LMdNmSgvW77WyhdNBITOOPICl61pAs6/siDo6Aj8JULvL/LlHVa','purchaser','熊敏','13800138065','xiongmin065@example.com',0,0,'2025-11-26 08:27:19','2025-12-02 17:12:01'),(1714238901299,'purchaser066','$2a$10$B5LMdNmSgvW77WyhdNBITOOPICl61pAs6/siDo6Aj8JULvL/LlHVa','purchaser','金浩','13800138066','jinhao066@example.com',0,0,'2025-11-26 08:27:19','2025-12-02 17:12:01'),(1714238901300,'purchaser067','$2a$10$B5LMdNmSgvW77WyhdNBITOOPICl61pAs6/siDo6Aj8JULvL/LlHVa','purchaser','汤丽','13800138067','tangli067@example.com',0,0,'2025-11-26 08:27:19','2025-12-02 17:12:01'),(1714238901301,'purchaser068','$2a$10$B5LMdNmSgvW77WyhdNBITOOPICl61pAs6/siDo6Aj8JULvL/LlHVa','purchaser','尹伟','13800138068','yinwei068@example.com',0,0,'2025-11-26 08:27:19','2025-12-02 17:12:01'),(1714238901302,'purchaser069','$2a$10$B5LMdNmSgvW77WyhdNBITOOPICl61pAs6/siDo6Aj8JULvL/LlHVa','purchaser','黎杰','13800138069','lijie069@example.com',0,0,'2025-11-26 08:27:19','2025-12-02 17:12:01'),(1714238901303,'purchaser070','$2a$10$B5LMdNmSgvW77WyhdNBITOOPICl61pAs6/siDo6Aj8JULvL/LlHVa','purchaser','易颖','13800138070','yiying070@example.com',0,0,'2025-11-26 08:27:19','2025-12-02 17:12:01'),(1714238901304,'purchaser071','$2a$10$B5LMdNmSgvW77WyhdNBITOOPICl61pAs6/siDo6Aj8JULvL/LlHVa','purchaser','常强','13800138071','changqiang071@example.com',0,0,'2025-11-26 08:27:19','2025-12-02 17:12:01'),(1714238901305,'purchaser072','$2a$10$B5LMdNmSgvW77WyhdNBITOOPICl61pAs6/siDo6Aj8JULvL/LlHVa','purchaser','武敏','13800138072','wumin072@example.com',0,0,'2025-11-26 08:27:19','2025-12-02 17:12:01'),(1714238901306,'purchaser073','$2a$10$B5LMdNmSgvW77WyhdNBITOOPICl61pAs6/siDo6Aj8JULvL/LlHVa','purchaser','乔浩','13800138073','qiaohao073@example.com',0,0,'2025-11-26 08:27:19','2025-12-02 17:12:01'),(1714238901307,'purchaser074','$2a$10$B5LMdNmSgvW77WyhdNBITOOPICl61pAs6/siDo6Aj8JULvL/LlHVa','purchaser','贺丽','13800138074','heli074@example.com',0,0,'2025-11-26 08:27:19','2025-12-02 17:12:01'),(1714238901308,'purchaser075','$2a$10$B5LMdNmSgvW77WyhdNBITOOPICl61pAs6/siDo6Aj8JULvL/LlHVa','purchaser','龚伟','13800138075','gongwei075@example.com',0,0,'2025-11-26 08:27:19','2025-12-02 17:12:01'),(1714238901309,'purchaser076','$2a$10$B5LMdNmSgvW77WyhdNBITOOPICl61pAs6/siDo6Aj8JULvL/LlHVa','purchaser','文杰','13800138076','wenjie076@example.com',0,0,'2025-11-26 08:27:19','2025-12-02 17:12:01'),(1714238901310,'purchaser077','$2a$10$B5LMdNmSgvW77WyhdNBITOOPICl61pAs6/siDo6Aj8JULvL/LlHVa','purchaser','樊颖','13800138077','fanying077@example.com',0,0,'2025-11-26 08:27:19','2025-12-02 17:12:01'),(1714238901311,'purchaser078','$2a$10$B5LMdNmSgvW77WyhdNBITOOPICl61pAs6/siDo6Aj8JULvL/LlHVa','purchaser','兰强','13800138078','lanqiang078@example.com',0,0,'2025-11-26 08:27:19','2025-12-02 17:12:01'),(1714238901312,'purchaser079','$2a$10$B5LMdNmSgvW77WyhdNBITOOPICl61pAs6/siDo6Aj8JULvL/LlHVa','purchaser','殷敏','13800138079','yinmin079@example.com',0,0,'2025-11-26 08:27:19','2025-12-02 17:12:01'),(1714238901313,'purchaser080','$2a$10$B5LMdNmSgvW77WyhdNBITOOPICl61pAs6/siDo6Aj8JULvL/LlHVa','purchaser','施浩','13800138080','shihao080@example.com',0,0,'2025-11-26 08:27:19','2025-12-02 17:12:01'),(1714238901314,'purchaser081','$2a$10$B5LMdNmSgvW77WyhdNBITOOPICl61pAs6/siDo6Aj8JULvL/LlHVa','purchaser','陶丽','13800138081','taoli081@example.com',0,0,'2025-11-26 08:27:19','2025-12-02 17:12:01'),(1714238901315,'purchaser082','$2a$10$B5LMdNmSgvW77WyhdNBITOOPICl61pAs6/siDo6Aj8JULvL/LlHVa','purchaser','洪伟','13800138082','hongwei082@example.com',0,0,'2025-11-26 08:27:19','2025-12-02 17:12:01'),(1714238901316,'purchaser083','$2a$10$B5LMdNmSgvW77WyhdNBITOOPICl61pAs6/siDo6Aj8JULvL/LlHVa','purchaser','翟杰','13800138083','zhaijie083@example.com',0,0,'2025-11-26 08:27:19','2025-12-02 17:12:01'),(1714238901317,'purchaser084','$2a$10$B5LMdNmSgvW77WyhdNBITOOPICl61pAs6/siDo6Aj8JULvL/LlHVa','purchaser','安颖','13800138084','anying084@example.com',0,0,'2025-11-26 08:27:19','2025-12-02 17:12:01'),(1714238901318,'purchaser085','$2a$10$B5LMdNmSgvW77WyhdNBITOOPICl61pAs6/siDo6Aj8JULvL/LlHVa','purchaser','颜强','13800138085','yanqiang085@example.com',0,0,'2025-11-26 08:27:19','2025-12-02 17:12:01'),(1714238901319,'purchaser086','$2a$10$B5LMdNmSgvW77WyhdNBITOOPICl61pAs6/siDo6Aj8JULvL/LlHVa','purchaser','倪敏','13800138086','nimin086@example.com',0,0,'2025-11-26 08:27:19','2025-12-02 17:12:01'),(1714238901320,'purchaser087','$2a$10$B5LMdNmSgvW77WyhdNBITOOPICl61pAs6/siDo6Aj8JULvL/LlHVa','purchaser','严浩','13800138087','yanhao087@example.com',0,0,'2025-11-26 08:27:19','2025-12-02 17:12:01'),(1714238901321,'purchaser088','$2a$10$B5LMdNmSgvW77WyhdNBITOOPICl61pAs6/siDo6Aj8JULvL/LlHVa','purchaser','牛丽','13800138088','niuli088@example.com',0,0,'2025-11-26 08:27:19','2025-12-02 17:12:01'),(1714238901322,'purchaser089','$2a$10$B5LMdNmSgvW77WyhdNBITOOPICl61pAs6/siDo6Aj8JULvL/LlHVa','purchaser','温伟','13800138089','wenwei089@example.com',0,0,'2025-11-26 08:27:19','2025-12-02 17:12:01'),(1714238901323,'purchaser090','$2a$10$B5LMdNmSgvW77WyhdNBITOOPICl61pAs6/siDo6Aj8JULvL/LlHVa','purchaser','芦杰','13800138090','lujie090@example.com',0,0,'2025-11-26 08:27:19','2025-12-02 17:12:01'),(1714238901324,'purchaser091','$2a$10$B5LMdNmSgvW77WyhdNBITOOPICl61pAs6/siDo6Aj8JULvL/LlHVa','purchaser','季颖','13800138091','jiying091@example.com',0,0,'2025-11-26 08:27:19','2025-12-02 17:12:01'),(1714238901325,'purchaser092','$2a$10$B5LMdNmSgvW77WyhdNBITOOPICl61pAs6/siDo6Aj8JULvL/LlHVa','purchaser','俞强','13800138092','yuqiang092@example.com',0,0,'2025-11-26 08:27:19','2025-12-02 17:12:01'),(1714238901326,'purchaser093','$2a$10$B5LMdNmSgvW77WyhdNBITOOPICl61pAs6/siDo6Aj8JULvL/LlHVa','purchaser','章敏','13800138093','zhangmin093@example.com',0,0,'2025-11-26 08:27:19','2025-12-02 17:12:01'),(1714238901327,'purchaser094','$2a$10$B5LMdNmSgvW77WyhdNBITOOPICl61pAs6/siDo6Aj8JULvL/LlHVa','purchaser','鲁浩','13800138094','luhao094@example.com',0,0,'2025-11-26 08:27:19','2025-12-02 17:12:01'),(1714238901328,'purchaser095','$2a$10$B5LMdNmSgvW77WyhdNBITOOPICl61pAs6/siDo6Aj8JULvL/LlHVa','purchaser','葛丽','13800138095','geli095@example.com',0,0,'2025-11-26 08:27:19','2025-12-02 17:12:01'),(1714238901329,'purchaser096','$2a$10$B5LMdNmSgvW77WyhdNBITOOPICl61pAs6/siDo6Aj8JULvL/LlHVa','purchaser','齐伟','13800138096','qiwei096@example.com',0,0,'2025-11-26 08:27:19','2025-12-02 17:12:01'),(1714238901330,'purchaser097','$2a$10$B5LMdNmSgvW77WyhdNBITOOPICl61pAs6/siDo6Aj8JULvL/LlHVa','purchaser','邬杰','13800138097','wujie097@example.com',0,0,'2025-11-26 08:27:19','2025-12-02 17:12:01'),(1714238901331,'purchaser098','$2a$10$B5LMdNmSgvW77WyhdNBITOOPICl61pAs6/siDo6Aj8JULvL/LlHVa','purchaser','岳颖','13800138098','yueying098@example.com',0,0,'2025-11-26 08:27:19','2025-12-02 17:12:01'),(1714238901332,'purchaser099','$2a$10$B5LMdNmSgvW77WyhdNBITOOPICl61pAs6/siDo6Aj8JULvL/LlHVa','purchaser','舒强','13800138099','shuqiang099@example.com',0,0,'2025-11-26 08:27:19','2025-12-02 17:12:01'),(1714238901333,'purchaser100','$2a$10$B5LMdNmSgvW77WyhdNBITOOPICl61pAs6/siDo6Aj8JULvL/LlHVa','purchaser','关敏','13800138100','guanmin100@example.com',0,0,'2025-11-26 08:27:19','2025-12-02 17:12:01'),(1714238902001,'farmer001','$2a$10$YmYyIZJRBTU36/udVD2CaedtMXaadZNvYONqfytlByguunoUUujOu','farmer','王强','13900139001','wangqiang001@example.com',0,0,'2025-11-26 08:56:44','2025-12-02 17:08:46'),(1714238902002,'farmer002','$2a$10$YmYyIZJRBTU36/udVD2CaedtMXaadZNvYONqfytlByguunoUUujOu','farmer','李芳','13900139002','lifang002@example.com',0,0,'2025-11-26 08:56:44','2025-12-02 17:08:46'),(1714238902003,'farmer003','$2a$10$YmYyIZJRBTU36/udVD2CaedtMXaadZNvYONqfytlByguunoUUujOu','farmer','张伟','13900139003','zhangwei003@example.com',0,0,'2025-11-26 08:56:44','2025-12-02 17:08:46'),(1714238902004,'farmer004','$2a$10$YmYyIZJRBTU36/udVD2CaedtMXaadZNvYONqfytlByguunoUUujOu','farmer','刘敏','13900139004','liumin004@example.com',0,0,'2025-11-26 08:56:44','2025-12-02 17:08:46'),(1714238902005,'farmer005','$2a$10$YmYyIZJRBTU36/udVD2CaedtMXaadZNvYONqfytlByguunoUUujOu','farmer','赵杰','13900139005','zhaojie005@example.com',0,0,'2025-11-26 08:56:44','2025-12-02 17:08:46'),(1714238902006,'farmer006','$2a$10$YmYyIZJRBTU36/udVD2CaedtMXaadZNvYONqfytlByguunoUUujOu','farmer','陈颖','13900139006','chenying006@example.com',0,0,'2025-11-26 08:56:44','2025-12-02 17:08:46'),(1714238902007,'farmer007','$2a$10$YmYyIZJRBTU36/udVD2CaedtMXaadZNvYONqfytlByguunoUUujOu','farmer','杨强','13900139007','yangqiang007@example.com',0,0,'2025-11-26 08:56:44','2025-12-02 17:08:46'),(1714238902008,'farmer008','$2a$10$YmYyIZJRBTU36/udVD2CaedtMXaadZNvYONqfytlByguunoUUujOu','farmer','周芳','13900139008','zhoufang008@example.com',0,0,'2025-11-26 08:56:44','2025-12-02 17:08:46'),(1714238902009,'farmer009','$2a$10$YmYyIZJRBTU36/udVD2CaedtMXaadZNvYONqfytlByguunoUUujOu','farmer','吴杰','13900139009','wujie009@example.com',0,0,'2025-11-26 08:56:44','2025-12-02 17:08:46'),(1714238902010,'farmer010','$2a$10$YmYyIZJRBTU36/udVD2CaedtMXaadZNvYONqfytlByguunoUUujOu','farmer','郑敏','13900139010','zhengmin010@example.com',0,0,'2025-11-26 08:56:44','2025-12-02 17:08:46'),(1714238902011,'farmer011','$2a$10$YmYyIZJRBTU36/udVD2CaedtMXaadZNvYONqfytlByguunoUUujOu','farmer','马丽','13900139011','mali011@example.com',0,0,'2025-11-26 08:56:44','2025-12-02 17:08:46'),(1714238902012,'farmer012','$2a$10$YmYyIZJRBTU36/udVD2CaedtMXaadZNvYONqfytlByguunoUUujOu','farmer','朱强','13900139012','zhuqiang012@example.com',0,0,'2025-11-26 08:56:44','2025-12-02 17:08:46'),(1714238902013,'farmer013','$2a$10$YmYyIZJRBTU36/udVD2CaedtMXaadZNvYONqfytlByguunoUUujOu','farmer','胡芳','13900139013','hufang013@example.com',0,0,'2025-11-26 08:56:44','2025-12-02 17:08:46'),(1714238902014,'farmer014','$2a$10$YmYyIZJRBTU36/udVD2CaedtMXaadZNvYONqfytlByguunoUUujOu','farmer','林杰','13900139014','linjie014@example.com',0,0,'2025-11-26 08:56:44','2025-12-02 17:08:46'),(1714238902015,'farmer015','$2a$10$YmYyIZJRBTU36/udVD2CaedtMXaadZNvYONqfytlByguunoUUujOu','farmer','郭敏','13900139015','guomin015@example.com',0,0,'2025-11-26 08:56:44','2025-12-02 17:08:46'),(1714238902016,'farmer016','$2a$10$YmYyIZJRBTU36/udVD2CaedtMXaadZNvYONqfytlByguunoUUujOu','farmer','何颖','13900139016','heying016@example.com',0,0,'2025-11-26 08:56:44','2025-12-02 17:08:46'),(1714238902017,'farmer017','$2a$10$YmYyIZJRBTU36/udVD2CaedtMXaadZNvYONqfytlByguunoUUujOu','farmer','高强','13900139017','gaoqiang017@example.com',0,0,'2025-11-26 08:56:44','2025-12-02 17:08:46'),(1714238902018,'farmer018','$2a$10$YmYyIZJRBTU36/udVD2CaedtMXaadZNvYONqfytlByguunoUUujOu','farmer','罗芳','13900139018','luofang018@example.com',0,0,'2025-11-26 08:56:44','2025-12-02 17:08:46'),(1714238902019,'farmer019','$2a$10$YmYyIZJRBTU36/udVD2CaedtMXaadZNvYONqfytlByguunoUUujOu','farmer','梁杰','13900139019','liangjie019@example.com',0,0,'2025-11-26 08:56:44','2025-12-02 17:08:46'),(1714238902020,'farmer020','$2a$10$YmYyIZJRBTU36/udVD2CaedtMXaadZNvYONqfytlByguunoUUujOu','farmer','宋敏','13900139020','songmin020@example.com',0,0,'2025-11-26 08:56:44','2025-12-02 17:08:46'),(1714238902021,'farmer021','$2a$10$YmYyIZJRBTU36/udVD2CaedtMXaadZNvYONqfytlByguunoUUujOu','farmer','谢颖','13900139021','xieying021@example.com',0,0,'2025-11-26 08:56:44','2025-12-02 17:08:46'),(1714238902022,'farmer022','$2a$10$YmYyIZJRBTU36/udVD2CaedtMXaadZNvYONqfytlByguunoUUujOu','farmer','韩强','13900139022','hanqiang022@example.com',0,0,'2025-11-26 08:56:44','2025-12-02 17:08:46'),(1714238902023,'farmer023','$2a$10$YmYyIZJRBTU36/udVD2CaedtMXaadZNvYONqfytlByguunoUUujOu','farmer','唐芳','13900139023','tangfang023@example.com',0,0,'2025-11-26 08:56:44','2025-12-02 17:08:46'),(1714238902024,'farmer024','$2a$10$YmYyIZJRBTU36/udVD2CaedtMXaadZNvYONqfytlByguunoUUujOu','farmer','徐杰','13900139024','xujie024@example.com',0,0,'2025-11-26 08:56:44','2025-12-02 17:08:46'),(1714238902025,'farmer025','$2a$10$YmYyIZJRBTU36/udVD2CaedtMXaadZNvYONqfytlByguunoUUujOu','farmer','孙敏','13900139025','sunmin025@example.com',0,0,'2025-11-26 08:56:44','2025-12-02 17:08:46'),(1714238902026,'farmer026','$2a$10$YmYyIZJRBTU36/udVD2CaedtMXaadZNvYONqfytlByguunoUUujOu','farmer','袁颖','13900139026','yuanying026@example.com',0,0,'2025-11-26 08:56:44','2025-12-02 17:08:46'),(1714238902027,'farmer027','$2a$10$YmYyIZJRBTU36/udVD2CaedtMXaadZNvYONqfytlByguunoUUujOu','farmer','蔡强','13900139027','caiqiang027@example.com',0,0,'2025-11-26 08:56:44','2025-12-02 17:08:46'),(1714238902028,'farmer028','$2a$10$YmYyIZJRBTU36/udVD2CaedtMXaadZNvYONqfytlByguunoUUujOu','farmer','彭芳','13900139028','pengfang028@example.com',0,0,'2025-11-26 08:56:44','2025-12-02 17:08:46'),(1714238902029,'farmer029','$2a$10$YmYyIZJRBTU36/udVD2CaedtMXaadZNvYONqfytlByguunoUUujOu','farmer','曾杰','13900139029','zengjie029@example.com',0,0,'2025-11-26 08:56:44','2025-12-02 17:08:46'),(1714238902030,'farmer030','$2a$10$YmYyIZJRBTU36/udVD2CaedtMXaadZNvYONqfytlByguunoUUujOu','farmer','田敏','13900139030','tianmin030@example.com',0,0,'2025-11-26 08:56:44','2025-12-02 17:08:46'),(1714238902031,'farmer031','$2a$10$YmYyIZJRBTU36/udVD2CaedtMXaadZNvYONqfytlByguunoUUujOu','farmer','董颖','13900139031','dongying031@example.com',0,0,'2025-11-26 08:56:44','2025-12-02 17:08:46'),(1714238902032,'farmer032','$2a$10$YmYyIZJRBTU36/udVD2CaedtMXaadZNvYONqfytlByguunoUUujOu','farmer','潘强','13900139032','panqiang032@example.com',0,0,'2025-11-26 08:56:44','2025-12-02 17:08:46'),(1714238902033,'farmer033','$2a$10$YmYyIZJRBTU36/udVD2CaedtMXaadZNvYONqfytlByguunoUUujOu','farmer','于芳','13900139033','yufang033@example.com',0,0,'2025-11-26 08:56:44','2025-12-02 17:08:46'),(1714238902034,'farmer034','$2a$10$YmYyIZJRBTU36/udVD2CaedtMXaadZNvYONqfytlByguunoUUujOu','farmer','叶杰','13900139034','yijie034@example.com',0,0,'2025-11-26 08:56:44','2025-12-02 17:08:46'),(1714238902035,'farmer035','$2a$10$YmYyIZJRBTU36/udVD2CaedtMXaadZNvYONqfytlByguunoUUujOu','farmer','蒋敏','13900139035','jiangmin035@example.com',0,0,'2025-11-26 08:56:44','2025-12-02 17:08:46'),(1714238902036,'farmer036','$2a$10$YmYyIZJRBTU36/udVD2CaedtMXaadZNvYONqfytlByguunoUUujOu','farmer','蔡颖','13900139036','caiying036@example.com',0,0,'2025-11-26 08:56:44','2025-12-02 17:08:46'),(1714238902037,'farmer037','$2a$10$YmYyIZJRBTU36/udVD2CaedtMXaadZNvYONqfytlByguunoUUujOu','farmer','魏强','13900139037','weiqiang037@example.com',0,0,'2025-11-26 08:56:44','2025-12-02 17:08:46'),(1714238902038,'farmer038','$2a$10$YmYyIZJRBTU36/udVD2CaedtMXaadZNvYONqfytlByguunoUUujOu','farmer','薛芳','13900139038','xuefang038@example.com',0,0,'2025-11-26 08:56:44','2025-12-02 17:08:46'),(1714238902039,'farmer039','$2a$10$YmYyIZJRBTU36/udVD2CaedtMXaadZNvYONqfytlByguunoUUujOu','farmer','金杰','13900139039','jinjie039@example.com',0,0,'2025-11-26 08:56:44','2025-12-02 17:08:46'),(1714238902040,'farmer040','$2a$10$YmYyIZJRBTU36/udVD2CaedtMXaadZNvYONqfytlByguunoUUujOu','farmer','陆敏','13900139040','lumin040@example.com',0,0,'2025-11-26 08:56:44','2025-12-02 17:08:46'),(1714238902041,'farmer041','$2a$10$YmYyIZJRBTU36/udVD2CaedtMXaadZNvYONqfytlByguunoUUujOu','farmer','郝颖','13900139041','haoying041@example.com',0,0,'2025-11-26 08:56:44','2025-12-02 17:08:46'),(1714238902042,'farmer042','$2a$10$YmYyIZJRBTU36/udVD2CaedtMXaadZNvYONqfytlByguunoUUujOu','farmer','白强','13900139042','baiqiang042@example.com',0,0,'2025-11-26 08:56:44','2025-12-02 17:08:46'),(1714238902043,'farmer043','$2a$10$YmYyIZJRBTU36/udVD2CaedtMXaadZNvYONqfytlByguunoUUujOu','farmer','崔芳','13900139043','cuifang043@example.com',0,0,'2025-11-26 08:56:44','2025-12-02 17:08:46'),(1714238902044,'farmer044','$2a$10$YmYyIZJRBTU36/udVD2CaedtMXaadZNvYONqfytlByguunoUUujOu','farmer','康杰','13900139044','kangjie044@example.com',0,0,'2025-11-26 08:56:44','2025-12-02 17:08:46'),(1714238902045,'farmer045','$2a$10$YmYyIZJRBTU36/udVD2CaedtMXaadZNvYONqfytlByguunoUUujOu','farmer','毛敏','13900139045','maomin045@example.com',0,0,'2025-11-26 08:56:44','2025-12-02 17:08:46'),(1714238902046,'farmer046','$2a$10$YmYyIZJRBTU36/udVD2CaedtMXaadZNvYONqfytlByguunoUUujOu','farmer','邱颖','13900139046','qiuying046@example.com',0,0,'2025-11-26 08:56:44','2025-12-02 17:08:46'),(1714238902047,'farmer047','$2a$10$YmYyIZJRBTU36/udVD2CaedtMXaadZNvYONqfytlByguunoUUujOu','farmer','秦强','13900139047','qinqiang047@example.com',0,0,'2025-11-26 08:56:44','2025-12-02 17:08:46'),(1714238902048,'farmer048','$2a$10$YmYyIZJRBTU36/udVD2CaedtMXaadZNvYONqfytlByguunoUUujOu','farmer','江芳','13900139048','jiangfang048@example.com',0,0,'2025-11-26 08:56:44','2025-12-02 17:08:46'),(1714238902049,'farmer049','$2a$10$YmYyIZJRBTU36/udVD2CaedtMXaadZNvYONqfytlByguunoUUujOu','farmer','史杰','13900139049','shijie049@example.com',0,0,'2025-11-26 08:56:44','2025-12-02 17:08:46'),(1714238902050,'farmer050','$2a$10$YmYyIZJRBTU36/udVD2CaedtMXaadZNvYONqfytlByguunoUUujOu','farmer','顾敏','13900139050','gumin050@example.com',0,0,'2025-11-26 08:56:44','2025-12-02 17:08:46'),(1714238902051,'farmer051','$2a$10$YmYyIZJRBTU36/udVD2CaedtMXaadZNvYONqfytlByguunoUUujOu','farmer','侯颖','13900139051','houying051@example.com',0,0,'2025-11-26 08:56:44','2025-12-02 17:08:46'),(1714238902052,'farmer052','$2a$10$YmYyIZJRBTU36/udVD2CaedtMXaadZNvYONqfytlByguunoUUujOu','farmer','邵强','13900139052','shaoqiang052@example.com',0,0,'2025-11-26 08:56:44','2025-12-02 17:08:46'),(1714238902053,'farmer053','$2a$10$YmYyIZJRBTU36/udVD2CaedtMXaadZNvYONqfytlByguunoUUujOu','farmer','孟芳','13900139053','mengfang053@example.com',0,0,'2025-11-26 08:56:44','2025-12-02 17:08:46'),(1714238902054,'farmer054','$2a$10$YmYyIZJRBTU36/udVD2CaedtMXaadZNvYONqfytlByguunoUUujOu','farmer','龙杰','13900139054','longjie054@example.com',0,0,'2025-11-26 08:56:44','2025-12-02 17:08:46'),(1714238902055,'farmer055','$2a$10$YmYyIZJRBTU36/udVD2CaedtMXaadZNvYONqfytlByguunoUUujOu','farmer','谭敏','13900139055','tanmin055@example.com',0,0,'2025-11-26 08:56:44','2025-12-02 17:08:46'),(1714238902056,'farmer056','$2a$10$YmYyIZJRBTU36/udVD2CaedtMXaadZNvYONqfytlByguunoUUujOu','farmer','陆颖','13900139056','luying056@example.com',0,0,'2025-11-26 08:56:44','2025-12-02 17:08:46'),(1714238902057,'farmer057','$2a$10$YmYyIZJRBTU36/udVD2CaedtMXaadZNvYONqfytlByguunoUUujOu','farmer','汪强','13900139057','wangqiang057@example.com',0,0,'2025-11-26 08:56:44','2025-12-02 17:08:46'),(1714238902058,'farmer058','$2a$10$YmYyIZJRBTU36/udVD2CaedtMXaadZNvYONqfytlByguunoUUujOu','farmer','戴芳','13900139058','daifang058@example.com',0,0,'2025-11-26 08:56:44','2025-12-02 17:08:46'),(1714238902059,'farmer059','$2a$10$YmYyIZJRBTU36/udVD2CaedtMXaadZNvYONqfytlByguunoUUujOu','farmer','崔杰','13900139059','cuijie059@example.com',0,0,'2025-11-26 08:56:44','2025-12-02 17:08:46'),(1714238902060,'farmer060','$2a$10$YmYyIZJRBTU36/udVD2CaedtMXaadZNvYONqfytlByguunoUUujOu','farmer','任敏','13900139060','renmin060@example.com',0,0,'2025-11-26 08:56:44','2025-12-02 17:08:46'),(1714238902061,'farmer061','$2a$10$YmYyIZJRBTU36/udVD2CaedtMXaadZNvYONqfytlByguunoUUujOu','farmer','廖颖','13900139061','liaoying061@example.com',0,0,'2025-11-26 08:56:44','2025-12-02 17:08:46'),(1714238902062,'farmer062','$2a$10$YmYyIZJRBTU36/udVD2CaedtMXaadZNvYONqfytlByguunoUUujOu','farmer','姚强','13900139062','yaoqiang062@example.com',0,0,'2025-11-26 08:56:44','2025-12-02 17:08:46'),(1714238902063,'farmer063','$2a$10$YmYyIZJRBTU36/udVD2CaedtMXaadZNvYONqfytlByguunoUUujOu','farmer','方芳','13900139063','fangfang063@example.com',0,0,'2025-11-26 08:56:44','2025-12-02 17:08:46'),(1714238902064,'farmer064','$2a$10$YmYyIZJRBTU36/udVD2CaedtMXaadZNvYONqfytlByguunoUUujOu','farmer','石杰','13900139064','shijie064@example.com',0,0,'2025-11-26 08:56:44','2025-12-02 17:08:46'),(1714238902065,'farmer065','$2a$10$YmYyIZJRBTU36/udVD2CaedtMXaadZNvYONqfytlByguunoUUujOu','farmer','熊敏','13900139065','xiongin065@example.com',0,0,'2025-11-26 08:56:44','2025-12-02 17:08:46'),(1714238902066,'farmer066','$2a$10$YmYyIZJRBTU36/udVD2CaedtMXaadZNvYONqfytlByguunoUUujOu','farmer','金颖','13900139066','jinying066@example.com',0,0,'2025-11-26 08:56:44','2025-12-02 17:08:46'),(1714238902067,'farmer067','$2a$10$YmYyIZJRBTU36/udVD2CaedtMXaadZNvYONqfytlByguunoUUujOu','farmer','汤强','13900139067','tangqiang067@example.com',0,0,'2025-11-26 08:56:44','2025-12-02 17:08:46'),(1714238902068,'farmer068','$2a$10$YmYyIZJRBTU36/udVD2CaedtMXaadZNvYONqfytlByguunoUUujOu','farmer','尹芳','13900139068','yinfang068@example.com',0,0,'2025-11-26 08:56:44','2025-12-02 17:08:46'),(1714238902069,'farmer069','$2a$10$YmYyIZJRBTU36/udVD2CaedtMXaadZNvYONqfytlByguunoUUujOu','farmer','黎杰','13900139069','lijie069@example.com',0,0,'2025-11-26 08:56:44','2025-12-02 17:08:46'),(1714238902070,'farmer070','$2a$10$YmYyIZJRBTU36/udVD2CaedtMXaadZNvYONqfytlByguunoUUujOu','farmer','易敏','13900139070','yimin070@example.com',0,0,'2025-11-26 08:56:44','2025-12-02 17:08:46'),(1714238902071,'farmer071','$2a$10$YmYyIZJRBTU36/udVD2CaedtMXaadZNvYONqfytlByguunoUUujOu','farmer','常颖','13900139071','changying071@example.com',0,0,'2025-11-26 08:56:44','2025-12-02 17:08:46'),(1714238902072,'farmer072','$2a$10$YmYyIZJRBTU36/udVD2CaedtMXaadZNvYONqfytlByguunoUUujOu','farmer','武强','13900139072','wuqiang072@example.com',0,0,'2025-11-26 08:56:44','2025-12-02 17:08:46'),(1714238902073,'farmer073','$2a$10$YmYyIZJRBTU36/udVD2CaedtMXaadZNvYONqfytlByguunoUUujOu','farmer','乔芳','13900139073','qiaofang073@example.com',0,0,'2025-11-26 08:56:44','2025-12-02 17:08:46'),(1714238902074,'farmer074','$2a$10$YmYyIZJRBTU36/udVD2CaedtMXaadZNvYONqfytlByguunoUUujOu','farmer','贺杰','13900139074','hejie074@example.com',0,0,'2025-11-26 08:56:44','2025-12-02 17:08:46'),(1714238902075,'farmer075','$2a$10$YmYyIZJRBTU36/udVD2CaedtMXaadZNvYONqfytlByguunoUUujOu','farmer','龚敏','13900139075','gongmin075@example.com',0,0,'2025-11-26 08:56:44','2025-12-02 17:08:46'),(1714238902076,'farmer076','$2a$10$YmYyIZJRBTU36/udVD2CaedtMXaadZNvYONqfytlByguunoUUujOu','farmer','文颖','13900139076','wenying076@example.com',0,0,'2025-11-26 08:56:44','2025-12-02 17:08:46'),(1714238902077,'farmer077','$2a$10$YmYyIZJRBTU36/udVD2CaedtMXaadZNvYONqfytlByguunoUUujOu','farmer','樊强','13900139077','fanqiang077@example.com',0,0,'2025-11-26 08:56:44','2025-12-02 17:08:46'),(1714238902078,'farmer078','$2a$10$YmYyIZJRBTU36/udVD2CaedtMXaadZNvYONqfytlByguunoUUujOu','farmer','兰芳','13900139078','lanfang078@example.com',0,0,'2025-11-26 08:56:44','2025-12-02 17:08:46'),(1714238902079,'farmer079','$2a$10$YmYyIZJRBTU36/udVD2CaedtMXaadZNvYONqfytlByguunoUUujOu','farmer','殷杰','13900139079','yinjie079@example.com',0,0,'2025-11-26 08:56:44','2025-12-02 17:08:46'),(1714238902080,'farmer080','$2a$10$YmYyIZJRBTU36/udVD2CaedtMXaadZNvYONqfytlByguunoUUujOu','farmer','施敏','13900139080','shimin080@example.com',0,0,'2025-11-26 08:56:44','2025-12-02 17:08:46'),(1714238902081,'farmer081','$2a$10$YmYyIZJRBTU36/udVD2CaedtMXaadZNvYONqfytlByguunoUUujOu','farmer','陶颖','13900139081','taoying081@example.com',0,0,'2025-11-26 08:56:44','2025-12-02 17:08:46'),(1714238902082,'farmer082','$2a$10$YmYyIZJRBTU36/udVD2CaedtMXaadZNvYONqfytlByguunoUUujOu','farmer','洪强','13900139082','hongqiang082@example.com',0,0,'2025-11-26 08:56:44','2025-12-02 17:08:46'),(1714238902083,'farmer083','$2a$10$YmYyIZJRBTU36/udVD2CaedtMXaadZNvYONqfytlByguunoUUujOu','farmer','翟芳','13900139083','zhaifang083@example.com',0,0,'2025-11-26 08:56:44','2025-12-02 17:08:46'),(1714238902084,'farmer084','$2a$10$YmYyIZJRBTU36/udVD2CaedtMXaadZNvYONqfytlByguunoUUujOu','farmer','安杰','13900139084','anjie084@example.com',0,0,'2025-11-26 08:56:44','2025-12-02 17:08:46'),(1714238902085,'farmer085','$2a$10$YmYyIZJRBTU36/udVD2CaedtMXaadZNvYONqfytlByguunoUUujOu','farmer','颜敏','13900139085','yanmin085@example.com',0,0,'2025-11-26 08:56:44','2025-12-02 17:08:46'),(1714238902086,'farmer086','$2a$10$YmYyIZJRBTU36/udVD2CaedtMXaadZNvYONqfytlByguunoUUujOu','farmer','倪颖','13900139086','niying086@example.com',0,0,'2025-11-26 08:56:44','2025-12-02 17:08:46'),(1714238902087,'farmer087','$2a$10$YmYyIZJRBTU36/udVD2CaedtMXaadZNvYONqfytlByguunoUUujOu','farmer','严强','13900139087','yanqiang087@example.com',0,0,'2025-11-26 08:56:44','2025-12-02 17:08:46'),(1714238902088,'farmer088','$2a$10$YmYyIZJRBTU36/udVD2CaedtMXaadZNvYONqfytlByguunoUUujOu','farmer','牛芳','13900139088','niufang088@example.com',0,0,'2025-11-26 08:56:44','2025-12-02 17:08:46'),(1714238902089,'farmer089','$2a$10$YmYyIZJRBTU36/udVD2CaedtMXaadZNvYONqfytlByguunoUUujOu','farmer','温杰','13900139089','wenjie089@example.com',0,0,'2025-11-26 08:56:44','2025-12-02 17:08:46'),(1714238902090,'farmer090','$2a$10$YmYyIZJRBTU36/udVD2CaedtMXaadZNvYONqfytlByguunoUUujOu','farmer','芦敏','13900139090','lumin090@example.com',0,0,'2025-11-26 08:56:44','2025-12-02 17:08:46'),(1714238902091,'farmer091','$2a$10$YmYyIZJRBTU36/udVD2CaedtMXaadZNvYONqfytlByguunoUUujOu','farmer','季颖','13900139091','jiying091@example.com',0,0,'2025-11-26 08:56:44','2025-12-02 17:08:46'),(1714238902092,'farmer092','$2a$10$YmYyIZJRBTU36/udVD2CaedtMXaadZNvYONqfytlByguunoUUujOu','farmer','俞强','13900139092','yuqiang092@example.com',0,0,'2025-11-26 08:56:44','2025-12-02 17:08:46'),(1714238902093,'farmer093','$2a$10$YmYyIZJRBTU36/udVD2CaedtMXaadZNvYONqfytlByguunoUUujOu','farmer','章芳','13900139093','zhangfang093@example.com',0,0,'2025-11-26 08:56:44','2025-12-02 17:08:46'),(1714238902094,'farmer094','$2a$10$YmYyIZJRBTU36/udVD2CaedtMXaadZNvYONqfytlByguunoUUujOu','farmer','鲁杰','13900139094','lujie094@example.com',0,0,'2025-11-26 08:56:44','2025-12-02 17:08:46'),(1714238902095,'farmer095','$2a$10$YmYyIZJRBTU36/udVD2CaedtMXaadZNvYONqfytlByguunoUUujOu','farmer','葛敏','13900139095','gemin095@example.com',0,0,'2025-11-26 08:56:44','2025-12-02 17:08:46'),(1714238902096,'farmer096','$2a$10$YmYyIZJRBTU36/udVD2CaedtMXaadZNvYONqfytlByguunoUUujOu','farmer','齐颖','13900139096','qiying096@example.com',0,0,'2025-11-26 08:56:44','2025-12-02 17:08:46'),(1714238902097,'farmer097','$2a$10$YmYyIZJRBTU36/udVD2CaedtMXaadZNvYONqfytlByguunoUUujOu','farmer','邬强','13900139097','wuqiang097@example.com',0,0,'2025-11-26 08:56:44','2025-12-02 17:08:46'),(1714238902098,'farmer098','$2a$10$YmYyIZJRBTU36/udVD2CaedtMXaadZNvYONqfytlByguunoUUujOu','farmer','岳芳','13900139098','yuefang098@example.com',0,0,'2025-11-26 08:56:44','2025-12-02 17:08:46'),(1714238902099,'farmer099','$2a$10$YmYyIZJRBTU36/udVD2CaedtMXaadZNvYONqfytlByguunoUUujOu','farmer','舒杰','13900139099','shujie099@example.com',0,0,'2025-11-26 08:56:44','2025-12-02 17:08:46'),(1714238902100,'farmer100','$2a$10$YmYyIZJRBTU36/udVD2CaedtMXaadZNvYONqfytlByguunoUUujOu','farmer','关敏','13900139100','guanmin100@example.com',0,0,'2025-11-26 08:56:44','2025-12-02 17:08:46'),(1714238902101,'farmer101','$2a$10$YmYyIZJRBTU36/udVD2CaedtMXaadZNvYONqfytlByguunoUUujOu','farmer','程强','13900139101','chengqiang101@example.com',0,0,'2025-11-26 08:56:44','2025-12-02 17:08:46'),(1714238902102,'farmer102','$2a$10$YmYyIZJRBTU36/udVD2CaedtMXaadZNvYONqfytlByguunoUUujOu','farmer','曹芳','13900139102','caofang102@example.com',0,0,'2025-11-26 08:56:44','2025-12-02 17:08:46'),(1714238902103,'farmer103','$2a$10$YmYyIZJRBTU36/udVD2CaedtMXaadZNvYONqfytlByguunoUUujOu','farmer','袁杰','13900139103','yuanjie103@example.com',0,0,'2025-11-26 08:56:44','2025-12-02 17:08:46'),(1714238902104,'farmer104','$2a$10$YmYyIZJRBTU36/udVD2CaedtMXaadZNvYONqfytlByguunoUUujOu','farmer','邓敏','13900139104','dengmin104@example.com',0,0,'2025-11-26 08:56:44','2025-12-02 17:08:46'),(1714238902105,'farmer105','$2a$10$YmYyIZJRBTU36/udVD2CaedtMXaadZNvYONqfytlByguunoUUujOu','farmer','许颖','13900139105','xuying105@example.com',0,0,'2025-11-26 08:56:44','2025-12-02 17:08:46'),(1714238902106,'farmer106','$2a$10$YmYyIZJRBTU36/udVD2CaedtMXaadZNvYONqfytlByguunoUUujOu','farmer','傅强','13900139106','fuqiang106@example.com',0,0,'2025-11-26 08:56:44','2025-12-02 17:08:46'),(1714238902107,'farmer107','$2a$10$YmYyIZJRBTU36/udVD2CaedtMXaadZNvYONqfytlByguunoUUujOu','farmer','沈芳','13900139107','shenfang107@example.com',0,0,'2025-11-26 08:56:44','2025-12-02 17:08:46'),(1714238902108,'farmer108','$2a$10$YmYyIZJRBTU36/udVD2CaedtMXaadZNvYONqfytlByguunoUUujOu','farmer','彭杰','13900139108','pengjie108@example.com',0,0,'2025-11-26 08:56:44','2025-12-02 17:08:46'),(1714238902109,'farmer109','$2a$10$YmYyIZJRBTU36/udVD2CaedtMXaadZNvYONqfytlByguunoUUujOu','farmer','吕敏','13900139109','lumin109@example.com',0,0,'2025-11-26 08:56:44','2025-12-02 17:08:46'),(1714238902110,'farmer110','$2a$10$YmYyIZJRBTU36/udVD2CaedtMXaadZNvYONqfytlByguunoUUujOu','farmer','丁颖','13900139110','dingying110@example.com',0,0,'2025-11-26 08:56:44','2025-12-02 17:08:46'),(1714238902111,'farmer111','$2a$10$YmYyIZJRBTU36/udVD2CaedtMXaadZNvYONqfytlByguunoUUujOu','farmer','姜强','13900139111','jiangqiang111@example.com',0,0,'2025-11-26 08:56:44','2025-12-02 17:08:46'),(1714238902112,'farmer112','$2a$10$YmYyIZJRBTU36/udVD2CaedtMXaadZNvYONqfytlByguunoUUujOu','farmer','崔芳','13900139112','cuifang112@example.com',0,0,'2025-11-26 08:56:44','2025-12-02 17:08:46'),(1714238902113,'farmer113','$2a$10$YmYyIZJRBTU36/udVD2CaedtMXaadZNvYONqfytlByguunoUUujOu','farmer','谭杰','13900139113','tanjie113@example.com',0,0,'2025-11-26 08:56:44','2025-12-02 17:08:46'),(1714238902114,'farmer114','$2a$10$YmYyIZJRBTU36/udVD2CaedtMXaadZNvYONqfytlByguunoUUujOu','farmer','卢敏','13900139114','lumin114@example.com',0,0,'2025-11-26 08:56:44','2025-12-02 17:08:46'),(1714238902115,'farmer115','$2a$10$YmYyIZJRBTU36/udVD2CaedtMXaadZNvYONqfytlByguunoUUujOu','farmer','薛颖','13900139115','xueying115@example.com',0,0,'2025-11-26 08:56:44','2025-12-02 17:08:46'),(1714238902116,'farmer116','$2a$10$YmYyIZJRBTU36/udVD2CaedtMXaadZNvYONqfytlByguunoUUujOu','farmer','魏强','13900139116','weiqiang116@example.com',0,0,'2025-11-26 08:56:44','2025-12-02 17:08:46'),(1714238902117,'farmer117','$2a$10$YmYyIZJRBTU36/udVD2CaedtMXaadZNvYONqfytlByguunoUUujOu','farmer','程芳','13900139117','chengfang117@example.com',0,0,'2025-11-26 08:56:44','2025-12-02 17:08:46'),(1714238902118,'farmer118','$2a$10$YmYyIZJRBTU36/udVD2CaedtMXaadZNvYONqfytlByguunoUUujOu','farmer','吕杰','13900139118','lujie118@example.com',0,0,'2025-11-26 08:56:44','2025-12-02 17:08:46'),(1714238902119,'farmer119','$2a$10$YmYyIZJRBTU36/udVD2CaedtMXaadZNvYONqfytlByguunoUUujOu','farmer','丁敏','13900139119','dingmin119@example.com',0,0,'2025-11-26 08:56:44','2025-12-02 17:08:46'),(1714238902120,'farmer120','$2a$10$YmYyIZJRBTU36/udVD2CaedtMXaadZNvYONqfytlByguunoUUujOu','farmer','姜颖','13900139120','jiangying120@example.com',0,0,'2025-11-26 08:56:44','2025-12-02 17:08:46'),(1714238902121,'farmer121','$2a$10$YmYyIZJRBTU36/udVD2CaedtMXaadZNvYONqfytlByguunoUUujOu','farmer','沈强','13900139121','shenqiang121@example.com',0,0,'2025-11-26 08:56:44','2025-12-02 17:08:46'),(1714238902122,'farmer122','$2a$10$YmYyIZJRBTU36/udVD2CaedtMXaadZNvYONqfytlByguunoUUujOu','farmer','傅芳','13900139122','fufang122@example.com',0,0,'2025-11-26 08:56:44','2025-12-02 17:08:46'),(1714238902123,'farmer123','$2a$10$YmYyIZJRBTU36/udVD2CaedtMXaadZNvYONqfytlByguunoUUujOu','farmer','彭杰','13900139123','pengjie123@example.com',0,0,'2025-11-26 08:56:44','2025-12-02 17:08:46'),(1714238902124,'farmer124','$2a$10$YmYyIZJRBTU36/udVD2CaedtMXaadZNvYONqfytlByguunoUUujOu','farmer','邓敏','13900139124','dengmin124@example.com',0,0,'2025-11-26 08:56:44','2025-12-02 17:08:46'),(1714238902125,'farmer125','$2a$10$YmYyIZJRBTU36/udVD2CaedtMXaadZNvYONqfytlByguunoUUujOu','farmer','许颖','13900139125','xuying125@example.com',0,0,'2025-11-26 08:56:44','2025-12-02 17:08:46'),(1714238902126,'farmer126','$2a$10$YmYyIZJRBTU36/udVD2CaedtMXaadZNvYONqfytlByguunoUUujOu','farmer','曹强','13900139126','caoqiang126@example.com',0,0,'2025-11-26 08:56:44','2025-12-02 17:08:46'),(1714238902127,'farmer127','$2a$10$YmYyIZJRBTU36/udVD2CaedtMXaadZNvYONqfytlByguunoUUujOu','farmer','袁芳','13900139127','yuanfang127@example.com',0,0,'2025-11-26 08:56:44','2025-12-02 17:08:46'),(1714238902128,'farmer128','$2a$10$YmYyIZJRBTU36/udVD2CaedtMXaadZNvYONqfytlByguunoUUujOu','farmer','程杰','13900139128','chengjie128@example.com',0,0,'2025-11-26 08:56:44','2025-12-02 17:08:46'),(1714238902129,'farmer129','$2a$10$YmYyIZJRBTU36/udVD2CaedtMXaadZNvYONqfytlByguunoUUujOu','farmer','吕敏','13900139129','lumin129@example.com',0,0,'2025-11-26 08:56:44','2025-12-02 17:08:46'),(1714238902130,'farmer130','$2a$10$YmYyIZJRBTU36/udVD2CaedtMXaadZNvYONqfytlByguunoUUujOu','farmer','丁颖','13900139130','dingying130@example.com',0,0,'2025-11-26 08:56:44','2025-12-02 17:08:46'),(1714238902131,'farmer131','$2a$10$YmYyIZJRBTU36/udVD2CaedtMXaadZNvYONqfytlByguunoUUujOu','farmer','姜强','13900139131','jiangqiang131@example.com',0,0,'2025-11-26 08:56:44','2025-12-02 17:08:46'),(1714238902132,'farmer132','$2a$10$YmYyIZJRBTU36/udVD2CaedtMXaadZNvYONqfytlByguunoUUujOu','farmer','崔芳','13900139132','cuifang132@example.com',0,0,'2025-11-26 08:56:44','2025-12-02 17:08:46'),(1714238902133,'farmer133','$2a$10$YmYyIZJRBTU36/udVD2CaedtMXaadZNvYONqfytlByguunoUUujOu','farmer','谭杰','13900139133','tanjie133@example.com',0,0,'2025-11-26 08:56:44','2025-12-02 17:08:46'),(1714238902134,'farmer134','$2a$10$YmYyIZJRBTU36/udVD2CaedtMXaadZNvYONqfytlByguunoUUujOu','farmer','卢敏','13900139134','lumin134@example.com',0,0,'2025-11-26 08:56:44','2025-12-02 17:08:46'),(1714238902135,'farmer135','$2a$10$YmYyIZJRBTU36/udVD2CaedtMXaadZNvYONqfytlByguunoUUujOu','farmer','薛颖','13900139135','xueying135@example.com',0,0,'2025-11-26 08:56:44','2025-12-02 17:08:46'),(1714238902136,'farmer136','$2a$10$YmYyIZJRBTU36/udVD2CaedtMXaadZNvYONqfytlByguunoUUujOu','farmer','魏强','13900139136','weiqiang136@example.com',0,0,'2025-11-26 08:56:44','2025-12-02 17:08:46'),(1714238902137,'farmer137','$2a$10$YmYyIZJRBTU36/udVD2CaedtMXaadZNvYONqfytlByguunoUUujOu','farmer','程芳','13900139137','chengfang137@example.com',0,0,'2025-11-26 08:56:44','2025-12-02 17:08:46'),(1714238902138,'farmer138','$2a$10$YmYyIZJRBTU36/udVD2CaedtMXaadZNvYONqfytlByguunoUUujOu','farmer','吕杰','13900139138','lujie138@example.com',0,0,'2025-11-26 08:56:44','2025-12-02 17:08:46'),(1714238902139,'farmer139','$2a$10$YmYyIZJRBTU36/udVD2CaedtMXaadZNvYONqfytlByguunoUUujOu','farmer','丁敏','13900139139','dingmin139@example.com',0,0,'2025-11-26 08:56:44','2025-12-02 17:08:46'),(251028069362569216,'admin','$2a$10$VOGcYBlbm./SPctIbyh8BesZDsRsMxhF8BlaIWxSB1ZuBWYIwUQd2','admin','exercitation laboris in','18146943071','j.yfxnuxmk@ubcflnt.ae',0,0,'2025-11-23 16:55:56','2025-11-23 16:55:56'),(251028444090077184,'purchaser1','$2a$10$B5LMdNmSgvW77WyhdNBITOOPICl61pAs6/siDo6Aj8JULvL/LlHVa','purchaser','exercitation laboris in','18146943071','j.yfxnuxmk@ubcflnt.ae',0,0,'2025-11-23 16:57:25','2025-12-02 17:12:01'),(251985069273649152,'李明','$2a$10$B5LMdNmSgvW77WyhdNBITOOPICl61pAs6/siDo6Aj8JULvL/LlHVa','purchaser','exercitation laboris in','18146943071','j.yfxnuxmk@ubcflnt.ae',0,0,'2025-11-26 08:18:42','2025-12-02 17:12:01'),(254277940316082176,'farmer999','$2a$10$YmYyIZJRBTU36/udVD2CaedtMXaadZNvYONqfytlByguunoUUujOu','farmer','王烁','13989349343','ws666@ruc.edu.cn',0,0,'2025-12-02 16:09:45','2025-12-02 16:09:45'),(254291344812544000,'purchaser666','$2a$10$B5LMdNmSgvW77WyhdNBITOOPICl61pAs6/siDo6Aj8JULvL/LlHVa','purchaser','ut in Lorem','16580394973','o.xdv@lfqcsspsw.wf',0,0,'2025-12-02 17:03:01','2025-12-02 17:03:01');
/*!40000 ALTER TABLE `user` ENABLE KEYS */;
UNLOCK TABLES;
/*!40103 SET TIME_ZONE=@OLD_TIME_ZONE */;

/*!40101 SET SQL_MODE=@OLD_SQL_MODE */;
/*!40014 SET FOREIGN_KEY_CHECKS=@OLD_FOREIGN_KEY_CHECKS */;
/*!40014 SET UNIQUE_CHECKS=@OLD_UNIQUE_CHECKS */;
/*!40101 SET CHARACTER_SET_CLIENT=@OLD_CHARACTER_SET_CLIENT */;
/*!40101 SET CHARACTER_SET_RESULTS=@OLD_CHARACTER_SET_RESULTS */;
/*!40101 SET COLLATION_CONNECTION=@OLD_COLLATION_CONNECTION */;
/*!40111 SET SQL_NOTES=@OLD_SQL_NOTES */;

-- Dump completed on 2025-12-03 23:38:28
